speciesCode,comName,sciName,locId,locName,obsDt,howMany,lat,lng,obsValid,obsReviewed,locationPrivate,subId,exoticCategory
cangoo,Canada Goose,Branta canadensis,L3041917,Dixon Meadow Preserve,2025-04-01 18:20,2.0,40.1003152,-75.2402115,True,False,False,S222367272,
moudov,Mourning Dove,Zenaida macroura,L3041917,Dixon Meadow Preserve,2025-04-01 18:20,1.0,40.1003152,-75.2402115,True,False,False,S222367272,
turvul,Turkey Vulture,Cathartes aura,L3041917,Dixon Meadow Preserve,2025-04-01 18:20,4.0,40.1003152,-75.2402115,True,False,False,S222367272,
rethaw,Red-tailed Hawk,Buteo jamaicensis,L3041917,Dixon Meadow Preserve,2025-04-01 18:20,1.0,40.1003152,-75.2402115,True,False,False,S222367272,
normoc,Northern Mockingbird,Mimus polyglottos,L3041917,Dixon Meadow Preserve,2025-04-01 18:20,3.0,40.1003152,-75.2402115,True,False,False,S222367272,
amerob,American Robin,Turdus migratorius,L3041917,Dixon Meadow Preserve,2025-04-01 18:20,30.0,40.1003152,-75.2402115,True,False,False,S222367272,
houspa,House Sparrow,Passer domesticus,L3041917,Dixon Meadow Preserve,2025-04-01 18:20,5.0,40.1003152,-75.2402115,True,False,False,S222367272,N
houfin,House Finch,Haemorhous mexicanus,L3041917,Dixon Meadow Preserve,2025-04-01 18:20,1.0,40.1003152,-75.2402115,True,False,False,S222367272,N
sonspa,Song Sparrow,Melospiza melodia,L3041917,Dixon Meadow Preserve,2025-04-01 18:20,4.0,40.1003152,-75.2402115,True,False,False,S222367272,
swaspa,Swamp Sparrow,Melospiza georgiana,L3041917,Dixon Meadow Preserve,2025-04-01 18:20,1.0,40.1003152,-75.2402115,True,False,False,S222367272,
rewbla,Red-winged Blackbird,Agelaius phoeniceus,L3041917,Dixon Meadow Preserve,2025-04-01 18:20,,40.1003152,-75.2402115,True,False,False,S222367272,
amekes,American Kestrel,Falco sparverius,L3041917,Dixon Meadow Preserve,2025-04-01 16:57,2.0,40.1003152,-75.2402115,True,False,False,S222353708,
merlin,Merlin,Falco columbarius,L3041917,Dixon Meadow Preserve,2025-04-01 16:57,1.0,40.1003152,-75.2402115,True,False,False,S222353708,
eursta,European Starling,Sturnus vulgaris,L3041917,Dixon Meadow Preserve,2025-04-01 16:57,22.0,40.1003152,-75.2402115,True,False,False,S222353708,N
mallar3,Mallard,Anas platyrhynchos,L3041917,Dixon Meadow Preserve,2025-04-01 16:19,3.0,40.1003152,-75.2402115,True,False,False,S222340879,
killde,Killdeer,Charadrius vociferus,L3041917,Dixon Meadow Preserve,2025-04-01 16:19,1.0,40.1003152,-75.2402115,True,False,False,S222340879,
wilsni1,Wilson's Snipe,Gallinago delicata,L3041917,Dixon Meadow Preserve,2025-04-01 16:19,2.0,40.1003152,-75.2402115,True,False,False,S222340879,
norfli,Northern Flicker,Colaptes auratus,L3041917,Dixon Meadow Preserve,2025-04-01 15:55,6.0,40.1003152,-75.2402115,True,False,False,S222346641,
easblu,Eastern Bluebird,Sialia sialis,L3041917,Dixon Meadow Preserve,2025-04-01 15:55,2.0,40.1003152,-75.2402115,True,False,False,S222346641,
fiscro,Fish Crow,Corvus ossifragus,L3041917,Dixon Meadow Preserve,2025-04-01 15:23,1.0,40.1003152,-75.2402115,True,False,False,S222340754,
amecro,American Crow,Corvus brachyrhynchos,L3041917,Dixon Meadow Preserve,2025-04-01 14:07,2.0,40.1003152,-75.2402115,True,False,False,S222332605,
amegfi,American Goldfinch,Spinus tristis,L3041917,Dixon Meadow Preserve,2025-04-01 14:07,2.0,40.1003152,-75.2402115,True,False,False,S222332605,
blujay,Blue Jay,Cyanocitta cristata,L3041917,Dixon Meadow Preserve,2025-04-01 13:14,1.0,40.1003152,-75.2402115,True,False,False,S224675857,
treswa,Tree Swallow,Tachycineta bicolor,L3041917,Dixon Meadow Preserve,2025-04-01 13:14,2.0,40.1003152,-75.2402115,True,False,False,S224675857,
shshaw,Sharp-shinned Hawk,Accipiter striatus,L3041917,Dixon Meadow Preserve,2025-04-01 08:52,1.0,40.1003152,-75.2402115,True,False,False,S222274585,
saypho,Say's Phoebe,Sayornis saya,L3041917,Dixon Meadow Preserve,2025-04-01 07:03,1.0,40.1003152,-75.2402115,True,True,False,S222246539,
bnhcow,Brown-headed Cowbird,Molothrus ater,L3041917,Dixon Meadow Preserve,2025-04-01 06:46,1.0,40.1003152,-75.2402115,True,False,False,S222250742,
rocpig,Rock Pigeon,Columba livia,L3041917,Dixon Meadow Preserve,2025-04-01 06:43,2.0,40.1003152,-75.2402115,True,False,False,S222251359,N
osprey,Osprey,Pandion haliaetus,L3041917,Dixon Meadow Preserve,2025-04-01 06:43,1.0,40.1003152,-75.2402115,True,False,False,S222251359,
whtspa,White-throated Sparrow,Zonotrichia albicollis,L3041917,Dixon Meadow Preserve,2025-04-01 06:43,3.0,40.1003152,-75.2402115,True,False,False,S222251359,
moudov,Mourning Dove,Zenaida macroura,L3041917,Dixon Meadow Preserve,2025-04-02 18:00,2.0,40.1003152,-75.2402115,True,False,False,S222558024,
wilsni1,Wilson's Snipe,Gallinago delicata,L3041917,Dixon Meadow Preserve,2025-04-02 18:00,3.0,40.1003152,-75.2402115,True,False,False,S222558024,
greegr,Great Egret,Ardea alba,L3041917,Dixon Meadow Preserve,2025-04-02 18:00,2.0,40.1003152,-75.2402115,True,False,False,S222558024,
turvul,Turkey Vulture,Cathartes aura,L3041917,Dixon Meadow Preserve,2025-04-02 18:00,1.0,40.1003152,-75.2402115,True,False,False,S222558024,
amekes,American Kestrel,Falco sparverius,L3041917,Dixon Meadow Preserve,2025-04-02 18:00,1.0,40.1003152,-75.2402115,True,False,False,S222558024,
normoc,Northern Mockingbird,Mimus polyglottos,L3041917,Dixon Meadow Preserve,2025-04-02 18:00,2.0,40.1003152,-75.2402115,True,False,False,S222558024,
amerob,American Robin,Turdus migratorius,L3041917,Dixon Meadow Preserve,2025-04-02 18:00,4.0,40.1003152,-75.2402115,True,False,False,S222558024,
sonspa,Song Sparrow,Melospiza melodia,L3041917,Dixon Meadow Preserve,2025-04-02 18:00,2.0,40.1003152,-75.2402115,True,False,False,S222558024,
rewbla,Red-winged Blackbird,Agelaius phoeniceus,L3041917,Dixon Meadow Preserve,2025-04-02 18:00,4.0,40.1003152,-75.2402115,True,False,False,S222558024,
norcar,Northern Cardinal,Cardinalis cardinalis,L3041917,Dixon Meadow Preserve,2025-04-02 18:00,1.0,40.1003152,-75.2402115,True,False,False,S222558024,
norfli,Northern Flicker,Colaptes auratus,L3041917,Dixon Meadow Preserve,2025-04-02 17:33,1.0,40.1003152,-75.2402115,True,False,False,S222544022,
eursta,European Starling,Sturnus vulgaris,L3041917,Dixon Meadow Preserve,2025-04-02 17:33,42.0,40.1003152,-75.2402115,True,False,False,S222544022,N
houfin,House Finch,Haemorhous mexicanus,L3041917,Dixon Meadow Preserve,2025-04-02 17:33,2.0,40.1003152,-75.2402115,True,False,False,S222544022,N
mallar3,Mallard,Anas platyrhynchos,L3041917,Dixon Meadow Preserve,2025-04-02 11:10,7.0,40.1003152,-75.2402115,True,False,False,S222669748,
rethaw,Red-tailed Hawk,Buteo jamaicensis,L3041917,Dixon Meadow Preserve,2025-04-02 11:10,1.0,40.1003152,-75.2402115,True,False,False,S222669748,
merlin,Merlin,Falco columbarius,L3041917,Dixon Meadow Preserve,2025-04-02 11:10,1.0,40.1003152,-75.2402115,True,False,False,S222669748,
treswa,Tree Swallow,Tachycineta bicolor,L3041917,Dixon Meadow Preserve,2025-04-02 11:10,12.0,40.1003152,-75.2402115,True,False,False,S222669748,
easblu,Eastern Bluebird,Sialia sialis,L3041917,Dixon Meadow Preserve,2025-04-02 11:10,2.0,40.1003152,-75.2402115,True,False,False,S222669748,
fiscro,Fish Crow,Corvus ossifragus,L3041917,Dixon Meadow Preserve,2025-04-02 10:31,5.0,40.1003152,-75.2402115,True,False,False,S222479229,
cangoo,Canada Goose,Branta canadensis,L3041917,Dixon Meadow Preserve,2025-04-02 10:23,2.0,40.1003152,-75.2402115,True,False,False,S222483260,
rebwoo,Red-bellied Woodpecker,Melanerpes carolinus,L3041917,Dixon Meadow Preserve,2025-04-02 10:23,1.0,40.1003152,-75.2402115,True,False,False,S222483260,
amecro,American Crow,Corvus brachyrhynchos,L3041917,Dixon Meadow Preserve,2025-04-02 10:23,2.0,40.1003152,-75.2402115,True,False,False,S222483260,
carwre,Carolina Wren,Thryothorus ludovicianus,L3041917,Dixon Meadow Preserve,2025-04-02 10:23,1.0,40.1003152,-75.2402115,True,False,False,S222483260,
houspa,House Sparrow,Passer domesticus,L3041917,Dixon Meadow Preserve,2025-04-02 10:23,1.0,40.1003152,-75.2402115,True,False,False,S222483260,N
amegfi,American Goldfinch,Spinus tristis,L3041917,Dixon Meadow Preserve,2025-04-02 10:23,2.0,40.1003152,-75.2402115,True,False,False,S222483260,
killde,Killdeer,Charadrius vociferus,L3041917,Dixon Meadow Preserve,2025-04-02 10:18,1.0,40.1003152,-75.2402115,True,False,False,S222568826,
swaspa,Swamp Sparrow,Melospiza georgiana,L3041917,Dixon Meadow Preserve,2025-04-02 10:18,4.0,40.1003152,-75.2402115,True,False,False,S222568826,
baleag,Bald Eagle,Haliaeetus leucocephalus,L3041917,Dixon Meadow Preserve,2025-04-02 09:19,1.0,40.1003152,-75.2402115,True,False,False,S222511604,
blujay,Blue Jay,Cyanocitta cristata,L3041917,Dixon Meadow Preserve,2025-04-02 09:08,1.0,40.1003152,-75.2402115,True,False,False,S222456911,
easpho,Eastern Phoebe,Sayornis phoebe,L3041917,Dixon Meadow Preserve,2025-04-02 07:32,1.0,40.1003152,-75.2402115,True,False,False,S222443839,
nrwswa,Northern Rough-winged Swallow,Stelgidopteryx serripennis,L3041917,Dixon Meadow Preserve,2025-04-02 07:32,1.0,40.1003152,-75.2402115,True,False,False,S222443839,
dowwoo,Downy Woodpecker,Dryobates pubescens,L3041917,Dixon Meadow Preserve,2025-04-02,,40.1003152,-75.2402115,True,False,False,S222566515,
bnhcow,Brown-headed Cowbird,Molothrus ater,L3041917,Dixon Meadow Preserve,2025-04-02,,40.1003152,-75.2402115,True,False,False,S222566515,
moudov,Mourning Dove,Zenaida macroura,L3041917,Dixon Meadow Preserve,2025-04-03 16:07,1.0,40.1003152,-75.2402115,True,False,False,S222723655,
killde,Killdeer,Charadrius vociferus,L3041917,Dixon Meadow Preserve,2025-04-03 16:07,2.0,40.1003152,-75.2402115,True,False,False,S222723655,
wilsni1,Wilson's Snipe,Gallinago delicata,L3041917,Dixon Meadow Preserve,2025-04-03 16:07,4.0,40.1003152,-75.2402115,True,False,False,S222723655,
blkvul,Black Vulture,Coragyps atratus,L3041917,Dixon Meadow Preserve,2025-04-03 16:07,1.0,40.1003152,-75.2402115,True,False,False,S222723655,
turvul,Turkey Vulture,Cathartes aura,L3041917,Dixon Meadow Preserve,2025-04-03 16:07,3.0,40.1003152,-75.2402115,True,False,False,S222723655,
rethaw,Red-tailed Hawk,Buteo jamaicensis,L3041917,Dixon Meadow Preserve,2025-04-03 16:07,1.0,40.1003152,-75.2402115,True,False,False,S222723655,
norfli,Northern Flicker,Colaptes auratus,L3041917,Dixon Meadow Preserve,2025-04-03 16:07,2.0,40.1003152,-75.2402115,True,False,False,S222723655,
amekes,American Kestrel,Falco sparverius,L3041917,Dixon Meadow Preserve,2025-04-03 16:07,1.0,40.1003152,-75.2402115,True,False,False,S222723655,
amecro,American Crow,Corvus brachyrhynchos,L3041917,Dixon Meadow Preserve,2025-04-03 16:07,1.0,40.1003152,-75.2402115,True,False,False,S222723655,
treswa,Tree Swallow,Tachycineta bicolor,L3041917,Dixon Meadow Preserve,2025-04-03 16:07,20.0,40.1003152,-75.2402115,True,False,False,S222723655,
eursta,European Starling,Sturnus vulgaris,L3041917,Dixon Meadow Preserve,2025-04-03 16:07,20.0,40.1003152,-75.2402115,True,False,False,S222723655,N
normoc,Northern Mockingbird,Mimus polyglottos,L3041917,Dixon Meadow Preserve,2025-04-03 16:07,2.0,40.1003152,-75.2402115,True,False,False,S222723655,
amerob,American Robin,Turdus migratorius,L3041917,Dixon Meadow Preserve,2025-04-03 16:07,30.0,40.1003152,-75.2402115,True,False,False,S222723655,
houfin,House Finch,Haemorhous mexicanus,L3041917,Dixon Meadow Preserve,2025-04-03 16:07,4.0,40.1003152,-75.2402115,True,False,False,S222723655,N
sonspa,Song Sparrow,Melospiza melodia,L3041917,Dixon Meadow Preserve,2025-04-03 16:07,3.0,40.1003152,-75.2402115,True,False,False,S222723655,
swaspa,Swamp Sparrow,Melospiza georgiana,L3041917,Dixon Meadow Preserve,2025-04-03 16:07,1.0,40.1003152,-75.2402115,True,False,False,S222723655,
rewbla,Red-winged Blackbird,Agelaius phoeniceus,L3041917,Dixon Meadow Preserve,2025-04-03 16:07,10.0,40.1003152,-75.2402115,True,False,False,S222723655,
fiscro,Fish Crow,Corvus ossifragus,L3041917,Dixon Meadow Preserve,2025-04-03 14:48,1.0,40.1003152,-75.2402115,True,False,False,S222722769,
amegfi,American Goldfinch,Spinus tristis,L3041917,Dixon Meadow Preserve,2025-04-03 14:48,2.0,40.1003152,-75.2402115,True,False,False,S222722769,
fiespa,Field Sparrow,Spizella pusilla,L3041917,Dixon Meadow Preserve,2025-04-03 14:48,1.0,40.1003152,-75.2402115,True,False,False,S222722769,
comgra,Common Grackle,Quiscalus quiscula,L3041917,Dixon Meadow Preserve,2025-04-03 14:48,2.0,40.1003152,-75.2402115,True,False,False,S222722769,
cangoo,Canada Goose,Branta canadensis,L3041917,Dixon Meadow Preserve,2025-04-03 10:16,8.0,40.1003152,-75.2402115,True,False,False,S222651527,
mallar3,Mallard,Anas platyrhynchos,L3041917,Dixon Meadow Preserve,2025-04-03 10:16,1.0,40.1003152,-75.2402115,True,False,False,S222651527,
savspa,Savannah Sparrow,Passerculus sandwichensis,L3041917,Dixon Meadow Preserve,2025-04-03 10:16,2.0,40.1003152,-75.2402115,True,False,False,S222651527,
norcar,Northern Cardinal,Cardinalis cardinalis,L3041917,Dixon Meadow Preserve,2025-04-03 10:16,1.0,40.1003152,-75.2402115,True,False,False,S222651527,
fiespa,Field Sparrow,Spizella pusilla,L3041917,Dixon Meadow Preserve,2025-04-04 19:18,1.0,40.1003152,-75.2402115,True,False,False,S222984047,
cangoo,Canada Goose,Branta canadensis,L3041917,Dixon Meadow Preserve,2025-04-04 18:41,1.0,40.1003152,-75.2402115,True,False,False,S222998713,
moudov,Mourning Dove,Zenaida macroura,L3041917,Dixon Meadow Preserve,2025-04-04 18:41,1.0,40.1003152,-75.2402115,True,False,False,S222998713,
carwre,Carolina Wren,Thryothorus ludovicianus,L3041917,Dixon Meadow Preserve,2025-04-04 18:41,1.0,40.1003152,-75.2402115,True,False,False,S222998713,
eursta,European Starling,Sturnus vulgaris,L3041917,Dixon Meadow Preserve,2025-04-04 18:41,10.0,40.1003152,-75.2402115,True,False,False,S222998713,N
normoc,Northern Mockingbird,Mimus polyglottos,L3041917,Dixon Meadow Preserve,2025-04-04 18:41,4.0,40.1003152,-75.2402115,True,False,False,S222998713,
amerob,American Robin,Turdus migratorius,L3041917,Dixon Meadow Preserve,2025-04-04 18:41,17.0,40.1003152,-75.2402115,True,False,False,S222998713,
houfin,House Finch,Haemorhous mexicanus,L3041917,Dixon Meadow Preserve,2025-04-04 18:41,2.0,40.1003152,-75.2402115,True,False,False,S222998713,N
sonspa,Song Sparrow,Melospiza melodia,L3041917,Dixon Meadow Preserve,2025-04-04 18:41,6.0,40.1003152,-75.2402115,True,False,False,S222998713,
swaspa,Swamp Sparrow,Melospiza georgiana,L3041917,Dixon Meadow Preserve,2025-04-04 18:41,1.0,40.1003152,-75.2402115,True,False,False,S222998713,
rewbla,Red-winged Blackbird,Agelaius phoeniceus,L3041917,Dixon Meadow Preserve,2025-04-04 18:41,30.0,40.1003152,-75.2402115,True,False,False,S222998713,
killde,Killdeer,Charadrius vociferus,L3041917,Dixon Meadow Preserve,2025-04-04 13:30,1.0,40.1003152,-75.2402115,True,False,False,S223449765,
wilsni1,Wilson's Snipe,Gallinago delicata,L3041917,Dixon Meadow Preserve,2025-04-04 13:30,3.0,40.1003152,-75.2402115,True,False,False,S223449765,
rethaw,Red-tailed Hawk,Buteo jamaicensis,L3041917,Dixon Meadow Preserve,2025-04-04 13:30,1.0,40.1003152,-75.2402115,True,False,False,S223449765,
norfli,Northern Flicker,Colaptes auratus,L3041917,Dixon Meadow Preserve,2025-04-04 13:30,1.0,40.1003152,-75.2402115,True,False,False,S223449765,
treswa,Tree Swallow,Tachycineta bicolor,L3041917,Dixon Meadow Preserve,2025-04-04 13:30,12.0,40.1003152,-75.2402115,True,False,False,S223449765,
turvul,Turkey Vulture,Cathartes aura,L3041917,Dixon Meadow Preserve,2025-04-04 12:28,8.0,40.1003152,-75.2402115,True,False,False,S222906089,
amekes,American Kestrel,Falco sparverius,L3041917,Dixon Meadow Preserve,2025-04-04 12:28,1.0,40.1003152,-75.2402115,True,False,False,S222906089,
amecro,American Crow,Corvus brachyrhynchos,L3041917,Dixon Meadow Preserve,2025-04-04 12:28,3.0,40.1003152,-75.2402115,True,False,False,S222906089,
amegfi,American Goldfinch,Spinus tristis,L3041917,Dixon Meadow Preserve,2025-04-04 12:28,2.0,40.1003152,-75.2402115,True,False,False,S222906089,
chispa,Chipping Sparrow,Spizella passerina,L3041917,Dixon Meadow Preserve,2025-04-04 12:28,1.0,40.1003152,-75.2402115,True,False,False,S222906089,
fiscro,Fish Crow,Corvus ossifragus,L3041917,Dixon Meadow Preserve,2025-04-04 10:57,3.0,40.1003152,-75.2402115,True,False,False,S222905034,
easblu,Eastern Bluebird,Sialia sialis,L3041917,Dixon Meadow Preserve,2025-04-04 10:57,1.0,40.1003152,-75.2402115,True,False,False,S222905034,
savspa,Savannah Sparrow,Passerculus sandwichensis,L3041917,Dixon Meadow Preserve,2025-04-04 10:57,3.0,40.1003152,-75.2402115,True,False,False,S222905034,
norcar,Northern Cardinal,Cardinalis cardinalis,L3041917,Dixon Meadow Preserve,2025-04-04 10:57,2.0,40.1003152,-75.2402115,True,False,False,S222905034,
amekes,American Kestrel,Falco sparverius,L3041917,Dixon Meadow Preserve,2025-04-05 17:42,2.0,40.1003152,-75.2402115,True,False,False,S223240290,
blujay,Blue Jay,Cyanocitta cristata,L3041917,Dixon Meadow Preserve,2025-04-05 17:42,1.0,40.1003152,-75.2402115,True,False,False,S223240290,
normoc,Northern Mockingbird,Mimus polyglottos,L3041917,Dixon Meadow Preserve,2025-04-05 17:42,2.0,40.1003152,-75.2402115,True,False,False,S223240290,
amerob,American Robin,Turdus migratorius,L3041917,Dixon Meadow Preserve,2025-04-05 17:42,6.0,40.1003152,-75.2402115,True,False,False,S223240290,
houfin,House Finch,Haemorhous mexicanus,L3041917,Dixon Meadow Preserve,2025-04-05 17:42,2.0,40.1003152,-75.2402115,True,False,False,S223240290,N
savspa,Savannah Sparrow,Passerculus sandwichensis,L3041917,Dixon Meadow Preserve,2025-04-05 17:42,1.0,40.1003152,-75.2402115,True,False,False,S223240290,
sonspa,Song Sparrow,Melospiza melodia,L3041917,Dixon Meadow Preserve,2025-04-05 17:42,2.0,40.1003152,-75.2402115,True,False,False,S223240290,
rewbla,Red-winged Blackbird,Agelaius phoeniceus,L3041917,Dixon Meadow Preserve,2025-04-05 17:42,12.0,40.1003152,-75.2402115,True,False,False,S223240290,
cangoo,Canada Goose,Branta canadensis,L3041917,Dixon Meadow Preserve,2025-04-05 10:39,5.0,40.1003152,-75.2402115,True,False,False,S223139098,
mallar3,Mallard,Anas platyrhynchos,L3041917,Dixon Meadow Preserve,2025-04-05 10:39,2.0,40.1003152,-75.2402115,True,False,False,S223139098,
moudov,Mourning Dove,Zenaida macroura,L3041917,Dixon Meadow Preserve,2025-04-05 10:39,1.0,40.1003152,-75.2402115,True,False,False,S223139098,
wilsni1,Wilson's Snipe,Gallinago delicata,L3041917,Dixon Meadow Preserve,2025-04-05 10:39,2.0,40.1003152,-75.2402115,True,False,False,S223139098,
rethaw,Red-tailed Hawk,Buteo jamaicensis,L3041917,Dixon Meadow Preserve,2025-04-05 10:39,1.0,40.1003152,-75.2402115,True,False,False,S223139098,
norfli,Northern Flicker,Colaptes auratus,L3041917,Dixon Meadow Preserve,2025-04-05 10:39,1.0,40.1003152,-75.2402115,True,False,False,S223139098,
fiscro,Fish Crow,Corvus ossifragus,L3041917,Dixon Meadow Preserve,2025-04-05 10:39,2.0,40.1003152,-75.2402115,True,False,False,S223139098,
eursta,European Starling,Sturnus vulgaris,L3041917,Dixon Meadow Preserve,2025-04-05 10:39,5.0,40.1003152,-75.2402115,True,False,False,S223139098,N
swaspa,Swamp Sparrow,Melospiza georgiana,L3041917,Dixon Meadow Preserve,2025-04-05 10:39,2.0,40.1003152,-75.2402115,True,False,False,S223139098,
greegr,Great Egret,Ardea alba,L3041917,Dixon Meadow Preserve,2025-04-05 07:58,1.0,40.1003152,-75.2402115,True,False,False,S223087265,
baleag,Bald Eagle,Haliaeetus leucocephalus,L3041917,Dixon Meadow Preserve,2025-04-05 07:58,2.0,40.1003152,-75.2402115,True,False,False,S223087265,
treswa,Tree Swallow,Tachycineta bicolor,L3041917,Dixon Meadow Preserve,2025-04-05 07:58,2.0,40.1003152,-75.2402115,True,False,False,S223087265,
houspa,House Sparrow,Passer domesticus,L3041917,Dixon Meadow Preserve,2025-04-05 07:58,1.0,40.1003152,-75.2402115,True,False,False,S223087265,N
rocpig,Rock Pigeon,Columba livia,L3041917,Dixon Meadow Preserve,2025-04-05 07:52,1.0,40.1003152,-75.2402115,True,False,False,S223088664,N
amecro,American Crow,Corvus brachyrhynchos,L3041917,Dixon Meadow Preserve,2025-04-05 07:52,2.0,40.1003152,-75.2402115,True,False,False,S223088664,
carwre,Carolina Wren,Thryothorus ludovicianus,L3041917,Dixon Meadow Preserve,2025-04-05 07:13,1.0,40.1003152,-75.2402115,True,False,False,S223148855,
easblu,Eastern Bluebird,Sialia sialis,L3041917,Dixon Meadow Preserve,2025-04-05 07:13,2.0,40.1003152,-75.2402115,True,False,False,S223148855,
amegfi,American Goldfinch,Spinus tristis,L3041917,Dixon Meadow Preserve,2025-04-05 07:13,4.0,40.1003152,-75.2402115,True,False,False,S223148855,
chispa,Chipping Sparrow,Spizella passerina,L3041917,Dixon Meadow Preserve,2025-04-05 07:13,1.0,40.1003152,-75.2402115,True,False,False,S223148855,
fiespa,Field Sparrow,Spizella pusilla,L3041917,Dixon Meadow Preserve,2025-04-05 07:13,2.0,40.1003152,-75.2402115,True,False,False,S223148855,
comgra,Common Grackle,Quiscalus quiscula,L3041917,Dixon Meadow Preserve,2025-04-05 07:13,2.0,40.1003152,-75.2402115,True,False,False,S223148855,
cangoo,Canada Goose,Branta canadensis,L3041917,Dixon Meadow Preserve,2025-04-06 12:42,2.0,40.1003152,-75.2402115,True,False,False,S223473091,
mallar3,Mallard,Anas platyrhynchos,L3041917,Dixon Meadow Preserve,2025-04-06 12:42,2.0,40.1003152,-75.2402115,True,False,False,S223473091,
turvul,Turkey Vulture,Cathartes aura,L3041917,Dixon Meadow Preserve,2025-04-06 12:42,1.0,40.1003152,-75.2402115,True,False,False,S223473091,
norfli,Northern Flicker,Colaptes auratus,L3041917,Dixon Meadow Preserve,2025-04-06 12:42,2.0,40.1003152,-75.2402115,True,False,False,S223473091,
amekes,American Kestrel,Falco sparverius,L3041917,Dixon Meadow Preserve,2025-04-06 12:42,2.0,40.1003152,-75.2402115,True,False,False,S223473091,
amecro,American Crow,Corvus brachyrhynchos,L3041917,Dixon Meadow Preserve,2025-04-06 12:42,1.0,40.1003152,-75.2402115,True,False,False,S223473091,
fiscro,Fish Crow,Corvus ossifragus,L3041917,Dixon Meadow Preserve,2025-04-06 12:42,4.0,40.1003152,-75.2402115,True,False,False,S223473091,
eursta,European Starling,Sturnus vulgaris,L3041917,Dixon Meadow Preserve,2025-04-06 12:42,83.0,40.1003152,-75.2402115,True,False,False,S223473091,N
normoc,Northern Mockingbird,Mimus polyglottos,L3041917,Dixon Meadow Preserve,2025-04-06 12:42,2.0,40.1003152,-75.2402115,True,False,False,S223473091,
amerob,American Robin,Turdus migratorius,L3041917,Dixon Meadow Preserve,2025-04-06 12:42,32.0,40.1003152,-75.2402115,True,False,False,S223473091,
houspa,House Sparrow,Passer domesticus,L3041917,Dixon Meadow Preserve,2025-04-06 12:42,10.0,40.1003152,-75.2402115,True,False,False,S223473091,N
houfin,House Finch,Haemorhous mexicanus,L3041917,Dixon Meadow Preserve,2025-04-06 12:42,6.0,40.1003152,-75.2402115,True,False,False,S223473091,N
fiespa,Field Sparrow,Spizella pusilla,L3041917,Dixon Meadow Preserve,2025-04-06 12:42,1.0,40.1003152,-75.2402115,True,False,False,S223473091,
savspa,Savannah Sparrow,Passerculus sandwichensis,L3041917,Dixon Meadow Preserve,2025-04-06 12:42,1.0,40.1003152,-75.2402115,True,False,False,S223473091,
sonspa,Song Sparrow,Melospiza melodia,L3041917,Dixon Meadow Preserve,2025-04-06 12:42,8.0,40.1003152,-75.2402115,True,False,False,S223473091,
swaspa,Swamp Sparrow,Melospiza georgiana,L3041917,Dixon Meadow Preserve,2025-04-06 12:42,1.0,40.1003152,-75.2402115,True,False,False,S223473091,
eastow,Eastern Towhee,Pipilo erythrophthalmus,L3041917,Dixon Meadow Preserve,2025-04-06 12:42,1.0,40.1003152,-75.2402115,True,False,False,S223473091,
rewbla,Red-winged Blackbird,Agelaius phoeniceus,L3041917,Dixon Meadow Preserve,2025-04-06 12:42,15.0,40.1003152,-75.2402115,True,False,False,S223473091,
bnhcow,Brown-headed Cowbird,Molothrus ater,L3041917,Dixon Meadow Preserve,2025-04-06 12:42,3.0,40.1003152,-75.2402115,True,False,False,S223473091,
wilsni1,Wilson's Snipe,Gallinago delicata,L3041917,Dixon Meadow Preserve,2025-04-06 11:31,1.0,40.1003152,-75.2402115,True,False,False,S223477127,
treswa,Tree Swallow,Tachycineta bicolor,L3041917,Dixon Meadow Preserve,2025-04-06 11:31,5.0,40.1003152,-75.2402115,True,False,False,S223477127,
carwre,Carolina Wren,Thryothorus ludovicianus,L3041917,Dixon Meadow Preserve,2025-04-06 11:31,2.0,40.1003152,-75.2402115,True,False,False,S223477127,
norcar,Northern Cardinal,Cardinalis cardinalis,L3041917,Dixon Meadow Preserve,2025-04-06 11:31,2.0,40.1003152,-75.2402115,True,False,False,S223477127,
comloo,Common Loon,Gavia immer,L3041917,Dixon Meadow Preserve,2025-04-06 08:41,1.0,40.1003152,-75.2402115,True,False,False,S223504813,
easpho,Eastern Phoebe,Sayornis phoebe,L3041917,Dixon Meadow Preserve,2025-04-06 08:41,1.0,40.1003152,-75.2402115,True,False,False,S223504813,
easblu,Eastern Bluebird,Sialia sialis,L3041917,Dixon Meadow Preserve,2025-04-06 08:41,1.0,40.1003152,-75.2402115,True,False,False,S223504813,
amegfi,American Goldfinch,Spinus tristis,L3041917,Dixon Meadow Preserve,2025-04-06 08:41,4.0,40.1003152,-75.2402115,True,False,False,S223504813,
moudov,Mourning Dove,Zenaida macroura,L3041917,Dixon Meadow Preserve,2025-04-06 08:04,3.0,40.1003152,-75.2402115,True,False,False,S223369743,
blujay,Blue Jay,Cyanocitta cristata,L3041917,Dixon Meadow Preserve,2025-04-06 08:04,1.0,40.1003152,-75.2402115,True,False,False,S223369743,
chispa,Chipping Sparrow,Spizella passerina,L3041917,Dixon Meadow Preserve,2025-04-06 08:04,2.0,40.1003152,-75.2402115,True,False,False,S223369743,
cangoo,Canada Goose,Branta canadensis,L3041917,Dixon Meadow Preserve,2025-04-07 16:56,4.0,40.1003152,-75.2402115,True,False,False,S223760715,
moudov,Mourning Dove,Zenaida macroura,L3041917,Dixon Meadow Preserve,2025-04-07 16:56,4.0,40.1003152,-75.2402115,True,False,False,S223760715,
greyel,Greater Yellowlegs,Tringa melanoleuca,L3041917,Dixon Meadow Preserve,2025-04-07 16:56,2.0,40.1003152,-75.2402115,True,False,False,S223760715,
amekes,American Kestrel,Falco sparverius,L3041917,Dixon Meadow Preserve,2025-04-07 16:56,3.0,40.1003152,-75.2402115,True,False,False,S223760715,
normoc,Northern Mockingbird,Mimus polyglottos,L3041917,Dixon Meadow Preserve,2025-04-07 16:56,2.0,40.1003152,-75.2402115,True,False,False,S223760715,
amerob,American Robin,Turdus migratorius,L3041917,Dixon Meadow Preserve,2025-04-07 16:56,8.0,40.1003152,-75.2402115,True,False,False,S223760715,
chispa,Chipping Sparrow,Spizella passerina,L3041917,Dixon Meadow Preserve,2025-04-07 16:56,2.0,40.1003152,-75.2402115,True,False,False,S223760715,
sonspa,Song Sparrow,Melospiza melodia,L3041917,Dixon Meadow Preserve,2025-04-07 16:56,5.0,40.1003152,-75.2402115,True,False,False,S223760715,
rewbla,Red-winged Blackbird,Agelaius phoeniceus,L3041917,Dixon Meadow Preserve,2025-04-07 16:56,4.0,40.1003152,-75.2402115,True,False,False,S223760715,
mallar3,Mallard,Anas platyrhynchos,L3041917,Dixon Meadow Preserve,2025-04-07 12:40,2.0,40.1003152,-75.2402115,True,False,False,S223710586,
norfli,Northern Flicker,Colaptes auratus,L3041917,Dixon Meadow Preserve,2025-04-07 12:40,1.0,40.1003152,-75.2402115,True,False,False,S223710586,
amecro,American Crow,Corvus brachyrhynchos,L3041917,Dixon Meadow Preserve,2025-04-07 12:40,1.0,40.1003152,-75.2402115,True,False,False,S223710586,
houfin,House Finch,Haemorhous mexicanus,L3041917,Dixon Meadow Preserve,2025-04-07 12:40,2.0,40.1003152,-75.2402115,True,False,False,S223710586,N
savspa,Savannah Sparrow,Passerculus sandwichensis,L3041917,Dixon Meadow Preserve,2025-04-07 12:40,2.0,40.1003152,-75.2402115,True,False,False,S223710586,
swaspa,Swamp Sparrow,Melospiza georgiana,L3041917,Dixon Meadow Preserve,2025-04-07 12:40,3.0,40.1003152,-75.2402115,True,False,False,S223710586,
moudov,Mourning Dove,Zenaida macroura,L3041917,Dixon Meadow Preserve,2025-04-09 16:14,2.0,40.1003152,-75.2402115,True,False,False,S226739455,
killde,Killdeer,Charadrius vociferus,L3041917,Dixon Meadow Preserve,2025-04-09 16:14,2.0,40.1003152,-75.2402115,True,False,False,S226739455,
rethaw,Red-tailed Hawk,Buteo jamaicensis,L3041917,Dixon Meadow Preserve,2025-04-09 16:14,1.0,40.1003152,-75.2402115,True,False,False,S226739455,
norfli,Northern Flicker,Colaptes auratus,L3041917,Dixon Meadow Preserve,2025-04-09 16:14,1.0,40.1003152,-75.2402115,True,False,False,S226739455,
amekes,American Kestrel,Falco sparverius,L3041917,Dixon Meadow Preserve,2025-04-09 16:14,1.0,40.1003152,-75.2402115,True,False,False,S226739455,
eursta,European Starling,Sturnus vulgaris,L3041917,Dixon Meadow Preserve,2025-04-09 16:14,5.0,40.1003152,-75.2402115,True,False,False,S226739455,N
normoc,Northern Mockingbird,Mimus polyglottos,L3041917,Dixon Meadow Preserve,2025-04-09 16:14,1.0,40.1003152,-75.2402115,True,False,False,S226739455,
amerob,American Robin,Turdus migratorius,L3041917,Dixon Meadow Preserve,2025-04-09 16:14,15.0,40.1003152,-75.2402115,True,False,False,S226739455,
houfin,House Finch,Haemorhous mexicanus,L3041917,Dixon Meadow Preserve,2025-04-09 16:14,2.0,40.1003152,-75.2402115,True,False,False,S226739455,N
sonspa,Song Sparrow,Melospiza melodia,L3041917,Dixon Meadow Preserve,2025-04-09 16:14,1.0,40.1003152,-75.2402115,True,False,False,S226739455,
rewbla,Red-winged Blackbird,Agelaius phoeniceus,L3041917,Dixon Meadow Preserve,2025-04-09 16:14,10.0,40.1003152,-75.2402115,True,False,False,S226739455,
barswa,Barn Swallow,Hirundo rustica,L3041917,Dixon Meadow Preserve,2025-04-09 15:23,3.0,40.1003152,-75.2402115,True,False,False,S224315770,
houspa,House Sparrow,Passer domesticus,L3041917,Dixon Meadow Preserve,2025-04-09 15:23,1.0,40.1003152,-75.2402115,True,False,False,S224315770,N
bnhcow,Brown-headed Cowbird,Molothrus ater,L3041917,Dixon Meadow Preserve,2025-04-09 15:23,2.0,40.1003152,-75.2402115,True,False,False,S224315770,
cangoo,Canada Goose,Branta canadensis,L3041917,Dixon Meadow Preserve,2025-04-09 09:00,2.0,40.1003152,-75.2402115,True,False,False,S224093190,
mallar3,Mallard,Anas platyrhynchos,L3041917,Dixon Meadow Preserve,2025-04-09 09:00,1.0,40.1003152,-75.2402115,True,False,False,S224093190,
turvul,Turkey Vulture,Cathartes aura,L3041917,Dixon Meadow Preserve,2025-04-09 09:00,2.0,40.1003152,-75.2402115,True,False,False,S224093190,
norhar2,Northern Harrier,Circus hudsonius,L3041917,Dixon Meadow Preserve,2025-04-09 09:00,1.0,40.1003152,-75.2402115,True,False,False,S224093190,
rebwoo,Red-bellied Woodpecker,Melanerpes carolinus,L3041917,Dixon Meadow Preserve,2025-04-09 09:00,1.0,40.1003152,-75.2402115,True,False,False,S224093190,
amecro,American Crow,Corvus brachyrhynchos,L3041917,Dixon Meadow Preserve,2025-04-09 09:00,1.0,40.1003152,-75.2402115,True,False,False,S224093190,
treswa,Tree Swallow,Tachycineta bicolor,L3041917,Dixon Meadow Preserve,2025-04-09 09:00,10.0,40.1003152,-75.2402115,True,False,False,S224093190,
carwre,Carolina Wren,Thryothorus ludovicianus,L3041917,Dixon Meadow Preserve,2025-04-09 09:00,1.0,40.1003152,-75.2402115,True,False,False,S224093190,
amegfi,American Goldfinch,Spinus tristis,L3041917,Dixon Meadow Preserve,2025-04-09 09:00,2.0,40.1003152,-75.2402115,True,False,False,S224093190,
swaspa,Swamp Sparrow,Melospiza georgiana,L3041917,Dixon Meadow Preserve,2025-04-09 09:00,2.0,40.1003152,-75.2402115,True,False,False,S224093190,
cangoo,Canada Goose,Branta canadensis,L3041917,Dixon Meadow Preserve,2025-04-10 10:49,8.0,40.1003152,-75.2402115,True,False,False,S224340215,
mallar3,Mallard,Anas platyrhynchos,L3041917,Dixon Meadow Preserve,2025-04-10 10:49,2.0,40.1003152,-75.2402115,True,False,False,S224340215,
killde,Killdeer,Charadrius vociferus,L3041917,Dixon Meadow Preserve,2025-04-10 10:49,2.0,40.1003152,-75.2402115,True,False,False,S224340215,
turvul,Turkey Vulture,Cathartes aura,L3041917,Dixon Meadow Preserve,2025-04-10 10:49,1.0,40.1003152,-75.2402115,True,False,False,S224340215,
amekes,American Kestrel,Falco sparverius,L3041917,Dixon Meadow Preserve,2025-04-10 10:49,1.0,40.1003152,-75.2402115,True,False,False,S224340215,
amecro,American Crow,Corvus brachyrhynchos,L3041917,Dixon Meadow Preserve,2025-04-10 10:49,1.0,40.1003152,-75.2402115,True,False,False,S224340215,
eursta,European Starling,Sturnus vulgaris,L3041917,Dixon Meadow Preserve,2025-04-10 10:49,25.0,40.1003152,-75.2402115,True,False,False,S224340215,N
normoc,Northern Mockingbird,Mimus polyglottos,L3041917,Dixon Meadow Preserve,2025-04-10 10:49,1.0,40.1003152,-75.2402115,True,False,False,S224340215,
amerob,American Robin,Turdus migratorius,L3041917,Dixon Meadow Preserve,2025-04-10 10:49,35.0,40.1003152,-75.2402115,True,False,False,S224340215,
houspa,House Sparrow,Passer domesticus,L3041917,Dixon Meadow Preserve,2025-04-10 10:49,3.0,40.1003152,-75.2402115,True,False,False,S224340215,N
houfin,House Finch,Haemorhous mexicanus,L3041917,Dixon Meadow Preserve,2025-04-10 10:49,3.0,40.1003152,-75.2402115,True,False,False,S224340215,N
amegfi,American Goldfinch,Spinus tristis,L3041917,Dixon Meadow Preserve,2025-04-10 10:49,3.0,40.1003152,-75.2402115,True,False,False,S224340215,
savspa,Savannah Sparrow,Passerculus sandwichensis,L3041917,Dixon Meadow Preserve,2025-04-10 10:49,2.0,40.1003152,-75.2402115,True,False,False,S224340215,
sonspa,Song Sparrow,Melospiza melodia,L3041917,Dixon Meadow Preserve,2025-04-10 10:49,4.0,40.1003152,-75.2402115,True,False,False,S224340215,
swaspa,Swamp Sparrow,Melospiza georgiana,L3041917,Dixon Meadow Preserve,2025-04-10 10:49,1.0,40.1003152,-75.2402115,True,False,False,S224340215,
rewbla,Red-winged Blackbird,Agelaius phoeniceus,L3041917,Dixon Meadow Preserve,2025-04-10 10:49,25.0,40.1003152,-75.2402115,True,False,False,S224340215,
moudov,Mourning Dove,Zenaida macroura,L3041917,Dixon Meadow Preserve,2025-04-10 10:02,2.0,40.1003152,-75.2402115,True,False,False,S224331563,
norfli,Northern Flicker,Colaptes auratus,L3041917,Dixon Meadow Preserve,2025-04-10 10:02,1.0,40.1003152,-75.2402115,True,False,False,S224331563,
fiscro,Fish Crow,Corvus ossifragus,L3041917,Dixon Meadow Preserve,2025-04-10 10:02,2.0,40.1003152,-75.2402115,True,False,False,S224331563,
treswa,Tree Swallow,Tachycineta bicolor,L3041917,Dixon Meadow Preserve,2025-04-10 10:02,3.0,40.1003152,-75.2402115,True,False,False,S224331563,
easblu,Eastern Bluebird,Sialia sialis,L3041917,Dixon Meadow Preserve,2025-04-10 10:02,2.0,40.1003152,-75.2402115,True,False,False,S224331563,
chispa,Chipping Sparrow,Spizella passerina,L3041917,Dixon Meadow Preserve,2025-04-10 10:02,1.0,40.1003152,-75.2402115,True,False,False,S224331563,
wilsni1,Wilson's Snipe,Gallinago delicata,L3041917,Dixon Meadow Preserve,2025-04-10 08:12,2.0,40.1003152,-75.2402115,True,False,False,S224299707,
coohaw,Cooper's Hawk,Astur cooperii,L3041917,Dixon Meadow Preserve,2025-04-10 08:12,1.0,40.1003152,-75.2402115,True,False,False,S224299707,
norhar2,Northern Harrier,Circus hudsonius,L3041917,Dixon Meadow Preserve,2025-04-10 08:12,1.0,40.1003152,-75.2402115,True,False,False,S224299707,
rethaw,Red-tailed Hawk,Buteo jamaicensis,L3041917,Dixon Meadow Preserve,2025-04-10 08:12,1.0,40.1003152,-75.2402115,True,False,False,S224299707,
blujay,Blue Jay,Cyanocitta cristata,L3041917,Dixon Meadow Preserve,2025-04-10 08:12,1.0,40.1003152,-75.2402115,True,False,False,S224299707,
cangoo,Canada Goose,Branta canadensis,L3041917,Dixon Meadow Preserve,2025-04-12 10:29,3.0,40.1003152,-75.2402115,True,False,False,S224894378,
moudov,Mourning Dove,Zenaida macroura,L3041917,Dixon Meadow Preserve,2025-04-12 10:29,3.0,40.1003152,-75.2402115,True,False,False,S224894378,
norfli,Northern Flicker,Colaptes auratus,L3041917,Dixon Meadow Preserve,2025-04-12 10:29,4.0,40.1003152,-75.2402115,True,False,False,S224894378,
eursta,European Starling,Sturnus vulgaris,L3041917,Dixon Meadow Preserve,2025-04-12 10:29,30.0,40.1003152,-75.2402115,True,False,False,S224894378,N
amerob,American Robin,Turdus migratorius,L3041917,Dixon Meadow Preserve,2025-04-12 10:29,25.0,40.1003152,-75.2402115,True,False,False,S224894378,
houfin,House Finch,Haemorhous mexicanus,L3041917,Dixon Meadow Preserve,2025-04-12 10:29,4.0,40.1003152,-75.2402115,True,False,False,S224894378,N
sonspa,Song Sparrow,Melospiza melodia,L3041917,Dixon Meadow Preserve,2025-04-12 10:29,2.0,40.1003152,-75.2402115,True,False,False,S224894378,
eastow,Eastern Towhee,Pipilo erythrophthalmus,L3041917,Dixon Meadow Preserve,2025-04-12 10:29,1.0,40.1003152,-75.2402115,True,False,False,S224894378,
easmea,Eastern Meadowlark,Sturnella magna,L3041917,Dixon Meadow Preserve,2025-04-12 10:29,9.0,40.1003152,-75.2402115,True,True,False,S224894378,
rewbla,Red-winged Blackbird,Agelaius phoeniceus,L3041917,Dixon Meadow Preserve,2025-04-12 10:29,35.0,40.1003152,-75.2402115,True,False,False,S224894378,
mallar3,Mallard,Anas platyrhynchos,L3041917,Dixon Meadow Preserve,2025-04-12 07:33,1.0,40.1003152,-75.2402115,True,False,False,S224967578,
rocpig,Rock Pigeon,Columba livia,L3041917,Dixon Meadow Preserve,2025-04-12 07:33,2.0,40.1003152,-75.2402115,True,False,False,S224967578,N
wilsni1,Wilson's Snipe,Gallinago delicata,L3041917,Dixon Meadow Preserve,2025-04-12 07:33,3.0,40.1003152,-75.2402115,True,False,False,S224967578,
amekes,American Kestrel,Falco sparverius,L3041917,Dixon Meadow Preserve,2025-04-12 07:33,1.0,40.1003152,-75.2402115,True,False,False,S224967578,
treswa,Tree Swallow,Tachycineta bicolor,L3041917,Dixon Meadow Preserve,2025-04-12 07:33,1.0,40.1003152,-75.2402115,True,False,False,S224967578,
normoc,Northern Mockingbird,Mimus polyglottos,L3041917,Dixon Meadow Preserve,2025-04-12 07:33,2.0,40.1003152,-75.2402115,True,False,False,S224967578,
easblu,Eastern Bluebird,Sialia sialis,L3041917,Dixon Meadow Preserve,2025-04-12 07:33,1.0,40.1003152,-75.2402115,True,False,False,S224967578,
amegfi,American Goldfinch,Spinus tristis,L3041917,Dixon Meadow Preserve,2025-04-12 07:33,2.0,40.1003152,-75.2402115,True,False,False,S224967578,
swaspa,Swamp Sparrow,Melospiza georgiana,L3041917,Dixon Meadow Preserve,2025-04-12 07:33,1.0,40.1003152,-75.2402115,True,False,False,S224967578,
mallar3,Mallard,Anas platyrhynchos,L3041917,Dixon Meadow Preserve,2025-04-13 16:32,2.0,40.1003152,-75.2402115,True,False,False,S225385693,
moudov,Mourning Dove,Zenaida macroura,L3041917,Dixon Meadow Preserve,2025-04-13 16:32,2.0,40.1003152,-75.2402115,True,False,False,S225385693,
wilsni1,Wilson's Snipe,Gallinago delicata,L3041917,Dixon Meadow Preserve,2025-04-13 16:32,2.0,40.1003152,-75.2402115,True,False,False,S225385693,
turvul,Turkey Vulture,Cathartes aura,L3041917,Dixon Meadow Preserve,2025-04-13 16:32,2.0,40.1003152,-75.2402115,True,False,False,S225385693,
amecro,American Crow,Corvus brachyrhynchos,L3041917,Dixon Meadow Preserve,2025-04-13 16:32,4.0,40.1003152,-75.2402115,True,False,False,S225385693,
barswa,Barn Swallow,Hirundo rustica,L3041917,Dixon Meadow Preserve,2025-04-13 16:32,1.0,40.1003152,-75.2402115,True,False,False,S225385693,
eursta,European Starling,Sturnus vulgaris,L3041917,Dixon Meadow Preserve,2025-04-13 16:32,,40.1003152,-75.2402115,True,False,False,S225385693,N
normoc,Northern Mockingbird,Mimus polyglottos,L3041917,Dixon Meadow Preserve,2025-04-13 16:32,4.0,40.1003152,-75.2402115,True,False,False,S225385693,
amerob,American Robin,Turdus migratorius,L3041917,Dixon Meadow Preserve,2025-04-13 16:32,,40.1003152,-75.2402115,True,False,False,S225385693,
houfin,House Finch,Haemorhous mexicanus,L3041917,Dixon Meadow Preserve,2025-04-13 16:32,,40.1003152,-75.2402115,True,False,False,S225385693,N
sonspa,Song Sparrow,Melospiza melodia,L3041917,Dixon Meadow Preserve,2025-04-13 16:32,6.0,40.1003152,-75.2402115,True,False,False,S225385693,
rewbla,Red-winged Blackbird,Agelaius phoeniceus,L3041917,Dixon Meadow Preserve,2025-04-13 16:32,,40.1003152,-75.2402115,True,False,False,S225385693,
rocpig,Rock Pigeon,Columba livia,L3041917,Dixon Meadow Preserve,2025-04-13 16:08,2.0,40.1003152,-75.2402115,True,False,False,S225855342,N
rethaw,Red-tailed Hawk,Buteo jamaicensis,L3041917,Dixon Meadow Preserve,2025-04-13 16:08,2.0,40.1003152,-75.2402115,True,False,False,S225855342,
amekes,American Kestrel,Falco sparverius,L3041917,Dixon Meadow Preserve,2025-04-13 16:08,1.0,40.1003152,-75.2402115,True,False,False,S225855342,
treswa,Tree Swallow,Tachycineta bicolor,L3041917,Dixon Meadow Preserve,2025-04-13 16:08,13.0,40.1003152,-75.2402115,True,False,False,S225855342,
carwre,Carolina Wren,Thryothorus ludovicianus,L3041917,Dixon Meadow Preserve,2025-04-13 16:08,1.0,40.1003152,-75.2402115,True,False,False,S225855342,
easblu,Eastern Bluebird,Sialia sialis,L3041917,Dixon Meadow Preserve,2025-04-13 16:08,1.0,40.1003152,-75.2402115,True,False,False,S225855342,
amegfi,American Goldfinch,Spinus tristis,L3041917,Dixon Meadow Preserve,2025-04-13 16:08,4.0,40.1003152,-75.2402115,True,False,False,S225855342,
swaspa,Swamp Sparrow,Melospiza georgiana,L3041917,Dixon Meadow Preserve,2025-04-13 16:08,1.0,40.1003152,-75.2402115,True,False,False,S225855342,
norfli,Northern Flicker,Colaptes auratus,L3041917,Dixon Meadow Preserve,2025-04-13 08:54,1.0,40.1003152,-75.2402115,True,False,False,S225195854,
comrav,Common Raven,Corvus corax,L3041917,Dixon Meadow Preserve,2025-04-13 08:54,1.0,40.1003152,-75.2402115,True,False,False,S225195854,
chispa,Chipping Sparrow,Spizella passerina,L3041917,Dixon Meadow Preserve,2025-04-13 08:54,1.0,40.1003152,-75.2402115,True,False,False,S225195854,
norcar,Northern Cardinal,Cardinalis cardinalis,L3041917,Dixon Meadow Preserve,2025-04-13 08:54,1.0,40.1003152,-75.2402115,True,False,False,S225195854,
wilsni1,Wilson's Snipe,Gallinago delicata,L3041917,Dixon Meadow Preserve,2025-04-14 15:44,1.0,40.1003152,-75.2402115,True,False,False,S225662255,
turvul,Turkey Vulture,Cathartes aura,L3041917,Dixon Meadow Preserve,2025-04-14 15:44,10.0,40.1003152,-75.2402115,True,False,False,S225662255,
norhar2,Northern Harrier,Circus hudsonius,L3041917,Dixon Meadow Preserve,2025-04-14 15:44,1.0,40.1003152,-75.2402115,True,False,False,S225662255,
norfli,Northern Flicker,Colaptes auratus,L3041917,Dixon Meadow Preserve,2025-04-14 15:44,1.0,40.1003152,-75.2402115,True,False,False,S225662255,
amekes,American Kestrel,Falco sparverius,L3041917,Dixon Meadow Preserve,2025-04-14 15:44,1.0,40.1003152,-75.2402115,True,False,False,S225662255,
amecro,American Crow,Corvus brachyrhynchos,L3041917,Dixon Meadow Preserve,2025-04-14 15:44,2.0,40.1003152,-75.2402115,True,False,False,S225662255,
treswa,Tree Swallow,Tachycineta bicolor,L3041917,Dixon Meadow Preserve,2025-04-14 15:44,20.0,40.1003152,-75.2402115,True,False,False,S225662255,
barswa,Barn Swallow,Hirundo rustica,L3041917,Dixon Meadow Preserve,2025-04-14 15:44,1.0,40.1003152,-75.2402115,True,False,False,S225662255,
normoc,Northern Mockingbird,Mimus polyglottos,L3041917,Dixon Meadow Preserve,2025-04-14 15:44,2.0,40.1003152,-75.2402115,True,False,False,S225662255,
amerob,American Robin,Turdus migratorius,L3041917,Dixon Meadow Preserve,2025-04-14 15:44,10.0,40.1003152,-75.2402115,True,False,False,S225662255,
houfin,House Finch,Haemorhous mexicanus,L3041917,Dixon Meadow Preserve,2025-04-14 15:44,2.0,40.1003152,-75.2402115,True,False,False,S225662255,N
amegfi,American Goldfinch,Spinus tristis,L3041917,Dixon Meadow Preserve,2025-04-14 15:44,5.0,40.1003152,-75.2402115,True,False,False,S225662255,
sonspa,Song Sparrow,Melospiza melodia,L3041917,Dixon Meadow Preserve,2025-04-14 15:44,2.0,40.1003152,-75.2402115,True,False,False,S225662255,
swaspa,Swamp Sparrow,Melospiza georgiana,L3041917,Dixon Meadow Preserve,2025-04-14 15:44,1.0,40.1003152,-75.2402115,True,False,False,S225662255,
rewbla,Red-winged Blackbird,Agelaius phoeniceus,L3041917,Dixon Meadow Preserve,2025-04-14 15:44,10.0,40.1003152,-75.2402115,True,False,False,S225662255,
cangoo,Canada Goose,Branta canadensis,L3041917,Dixon Meadow Preserve,2025-04-14 10:28,3.0,40.1003152,-75.2402115,True,False,False,S225568920,
moudov,Mourning Dove,Zenaida macroura,L3041917,Dixon Meadow Preserve,2025-04-14 10:28,1.0,40.1003152,-75.2402115,True,False,False,S225568920,
killde,Killdeer,Charadrius vociferus,L3041917,Dixon Meadow Preserve,2025-04-14 10:28,1.0,40.1003152,-75.2402115,True,False,False,S225568920,
rethaw,Red-tailed Hawk,Buteo jamaicensis,L3041917,Dixon Meadow Preserve,2025-04-14 10:28,1.0,40.1003152,-75.2402115,True,False,False,S225568920,
easpho,Eastern Phoebe,Sayornis phoebe,L3041917,Dixon Meadow Preserve,2025-04-14 10:28,1.0,40.1003152,-75.2402115,True,False,False,S225568920,
eursta,European Starling,Sturnus vulgaris,L3041917,Dixon Meadow Preserve,2025-04-14 10:28,2.0,40.1003152,-75.2402115,True,False,False,S225568920,N
whtspa,White-throated Sparrow,Zonotrichia albicollis,L3041917,Dixon Meadow Preserve,2025-04-14 10:28,1.0,40.1003152,-75.2402115,True,False,False,S225568920,
cangoo,Canada Goose,Branta canadensis,L3041917,Dixon Meadow Preserve,2025-04-15 09:16,4.0,40.1003152,-75.2402115,True,False,False,S225838641,
mallar3,Mallard,Anas platyrhynchos,L3041917,Dixon Meadow Preserve,2025-04-15 09:16,2.0,40.1003152,-75.2402115,True,False,False,S225838641,
moudov,Mourning Dove,Zenaida macroura,L3041917,Dixon Meadow Preserve,2025-04-15 09:16,2.0,40.1003152,-75.2402115,True,False,False,S225838641,
killde,Killdeer,Charadrius vociferus,L3041917,Dixon Meadow Preserve,2025-04-15 09:16,1.0,40.1003152,-75.2402115,True,False,False,S225838641,
turvul,Turkey Vulture,Cathartes aura,L3041917,Dixon Meadow Preserve,2025-04-15 09:16,2.0,40.1003152,-75.2402115,True,False,False,S225838641,
norfli,Northern Flicker,Colaptes auratus,L3041917,Dixon Meadow Preserve,2025-04-15 09:16,1.0,40.1003152,-75.2402115,True,False,False,S225838641,
amekes,American Kestrel,Falco sparverius,L3041917,Dixon Meadow Preserve,2025-04-15 09:16,1.0,40.1003152,-75.2402115,True,False,False,S225838641,
treswa,Tree Swallow,Tachycineta bicolor,L3041917,Dixon Meadow Preserve,2025-04-15 09:16,20.0,40.1003152,-75.2402115,True,False,False,S225838641,
eursta,European Starling,Sturnus vulgaris,L3041917,Dixon Meadow Preserve,2025-04-15 09:16,5.0,40.1003152,-75.2402115,True,False,False,S225838641,N
normoc,Northern Mockingbird,Mimus polyglottos,L3041917,Dixon Meadow Preserve,2025-04-15 09:16,2.0,40.1003152,-75.2402115,True,False,False,S225838641,
easblu,Eastern Bluebird,Sialia sialis,L3041917,Dixon Meadow Preserve,2025-04-15 09:16,3.0,40.1003152,-75.2402115,True,False,False,S225838641,
amerob,American Robin,Turdus migratorius,L3041917,Dixon Meadow Preserve,2025-04-15 09:16,15.0,40.1003152,-75.2402115,True,False,False,S225838641,
houspa,House Sparrow,Passer domesticus,L3041917,Dixon Meadow Preserve,2025-04-15 09:16,1.0,40.1003152,-75.2402115,True,False,False,S225838641,N
houfin,House Finch,Haemorhous mexicanus,L3041917,Dixon Meadow Preserve,2025-04-15 09:16,5.0,40.1003152,-75.2402115,True,False,False,S225838641,N
amegfi,American Goldfinch,Spinus tristis,L3041917,Dixon Meadow Preserve,2025-04-15 09:16,1.0,40.1003152,-75.2402115,True,False,False,S225838641,
sonspa,Song Sparrow,Melospiza melodia,L3041917,Dixon Meadow Preserve,2025-04-15 09:16,3.0,40.1003152,-75.2402115,True,False,False,S225838641,
rewbla,Red-winged Blackbird,Agelaius phoeniceus,L3041917,Dixon Meadow Preserve,2025-04-15 09:16,25.0,40.1003152,-75.2402115,True,False,False,S225838641,
bnhcow,Brown-headed Cowbird,Molothrus ater,L3041917,Dixon Meadow Preserve,2025-04-15 09:16,1.0,40.1003152,-75.2402115,True,False,False,S225838641,
moudov,Mourning Dove,Zenaida macroura,L3041917,Dixon Meadow Preserve,2025-04-16 17:14,2.0,40.1003152,-75.2402115,True,False,False,S226170567,
killde,Killdeer,Charadrius vociferus,L3041917,Dixon Meadow Preserve,2025-04-16 17:14,1.0,40.1003152,-75.2402115,True,False,False,S226170567,
turvul,Turkey Vulture,Cathartes aura,L3041917,Dixon Meadow Preserve,2025-04-16 17:14,1.0,40.1003152,-75.2402115,True,False,False,S226170567,
norfli,Northern Flicker,Colaptes auratus,L3041917,Dixon Meadow Preserve,2025-04-16 17:14,1.0,40.1003152,-75.2402115,True,False,False,S226170567,
treswa,Tree Swallow,Tachycineta bicolor,L3041917,Dixon Meadow Preserve,2025-04-16 17:14,1.0,40.1003152,-75.2402115,True,False,False,S226170567,
eursta,European Starling,Sturnus vulgaris,L3041917,Dixon Meadow Preserve,2025-04-16 17:14,4.0,40.1003152,-75.2402115,True,False,False,S226170567,N
normoc,Northern Mockingbird,Mimus polyglottos,L3041917,Dixon Meadow Preserve,2025-04-16 17:14,2.0,40.1003152,-75.2402115,True,False,False,S226170567,
amerob,American Robin,Turdus migratorius,L3041917,Dixon Meadow Preserve,2025-04-16 17:14,2.0,40.1003152,-75.2402115,True,False,False,S226170567,
houfin,House Finch,Haemorhous mexicanus,L3041917,Dixon Meadow Preserve,2025-04-16 17:14,4.0,40.1003152,-75.2402115,True,False,False,S226170567,N
sonspa,Song Sparrow,Melospiza melodia,L3041917,Dixon Meadow Preserve,2025-04-16 17:14,2.0,40.1003152,-75.2402115,True,False,False,S226170567,
rewbla,Red-winged Blackbird,Agelaius phoeniceus,L3041917,Dixon Meadow Preserve,2025-04-16 17:14,5.0,40.1003152,-75.2402115,True,False,False,S226170567,
blkvul,Black Vulture,Coragyps atratus,L3041917,Dixon Meadow Preserve,2025-04-16 14:28,1.0,40.1003152,-75.2402115,True,False,False,S226142589,
cangoo,Canada Goose,Branta canadensis,L3041917,Dixon Meadow Preserve,2025-04-17 09:52,4.0,40.1003152,-75.2402115,True,False,False,S226333711,
moudov,Mourning Dove,Zenaida macroura,L3041917,Dixon Meadow Preserve,2025-04-17 09:52,1.0,40.1003152,-75.2402115,True,False,False,S226333711,
wilsni1,Wilson's Snipe,Gallinago delicata,L3041917,Dixon Meadow Preserve,2025-04-17 09:52,2.0,40.1003152,-75.2402115,True,False,False,S226333711,
turvul,Turkey Vulture,Cathartes aura,L3041917,Dixon Meadow Preserve,2025-04-17 09:52,1.0,40.1003152,-75.2402115,True,False,False,S226333711,
norfli,Northern Flicker,Colaptes auratus,L3041917,Dixon Meadow Preserve,2025-04-17 09:52,1.0,40.1003152,-75.2402115,True,False,False,S226333711,
treswa,Tree Swallow,Tachycineta bicolor,L3041917,Dixon Meadow Preserve,2025-04-17 09:52,6.0,40.1003152,-75.2402115,True,False,False,S226333711,
eursta,European Starling,Sturnus vulgaris,L3041917,Dixon Meadow Preserve,2025-04-17 09:52,2.0,40.1003152,-75.2402115,True,False,False,S226333711,N
normoc,Northern Mockingbird,Mimus polyglottos,L3041917,Dixon Meadow Preserve,2025-04-17 09:52,3.0,40.1003152,-75.2402115,True,False,False,S226333711,
amerob,American Robin,Turdus migratorius,L3041917,Dixon Meadow Preserve,2025-04-17 09:52,7.0,40.1003152,-75.2402115,True,False,False,S226333711,
houspa,House Sparrow,Passer domesticus,L3041917,Dixon Meadow Preserve,2025-04-17 09:52,2.0,40.1003152,-75.2402115,True,False,False,S226333711,N
houfin,House Finch,Haemorhous mexicanus,L3041917,Dixon Meadow Preserve,2025-04-17 09:52,4.0,40.1003152,-75.2402115,True,False,False,S226333711,N
amegfi,American Goldfinch,Spinus tristis,L3041917,Dixon Meadow Preserve,2025-04-17 09:52,2.0,40.1003152,-75.2402115,True,False,False,S226333711,
sonspa,Song Sparrow,Melospiza melodia,L3041917,Dixon Meadow Preserve,2025-04-17 09:52,7.0,40.1003152,-75.2402115,True,False,False,S226333711,
rewbla,Red-winged Blackbird,Agelaius phoeniceus,L3041917,Dixon Meadow Preserve,2025-04-17 09:52,1.0,40.1003152,-75.2402115,True,False,False,S226333711,
bnhcow,Brown-headed Cowbird,Molothrus ater,L3041917,Dixon Meadow Preserve,2025-04-17 09:52,1.0,40.1003152,-75.2402115,True,False,False,S226333711,
mallar3,Mallard,Anas platyrhynchos,L3041917,Dixon Meadow Preserve,2025-04-18 11:05,2.0,40.1003152,-75.2402115,True,True,False,S226684627,
killde,Killdeer,Charadrius vociferus,L3041917,Dixon Meadow Preserve,2025-04-18 11:05,2.0,40.1003152,-75.2402115,True,True,False,S226684627,
carwre,Carolina Wren,Thryothorus ludovicianus,L3041917,Dixon Meadow Preserve,2025-04-18 11:05,1.0,40.1003152,-75.2402115,True,True,False,S226684627,
eursta,European Starling,Sturnus vulgaris,L3041917,Dixon Meadow Preserve,2025-04-18 11:05,4.0,40.1003152,-75.2402115,True,True,False,S226684627,N
normoc,Northern Mockingbird,Mimus polyglottos,L3041917,Dixon Meadow Preserve,2025-04-18 11:05,5.0,40.1003152,-75.2402115,True,True,False,S226684627,
amerob,American Robin,Turdus migratorius,L3041917,Dixon Meadow Preserve,2025-04-18 11:05,4.0,40.1003152,-75.2402115,True,True,False,S226684627,
houfin,House Finch,Haemorhous mexicanus,L3041917,Dixon Meadow Preserve,2025-04-18 11:05,3.0,40.1003152,-75.2402115,True,True,False,S226684627,N
amegfi,American Goldfinch,Spinus tristis,L3041917,Dixon Meadow Preserve,2025-04-18 11:05,2.0,40.1003152,-75.2402115,True,True,False,S226684627,
sonspa,Song Sparrow,Melospiza melodia,L3041917,Dixon Meadow Preserve,2025-04-18 11:05,2.0,40.1003152,-75.2402115,True,True,False,S226684627,
rewbla,Red-winged Blackbird,Agelaius phoeniceus,L3041917,Dixon Meadow Preserve,2025-04-18 11:05,2.0,40.1003152,-75.2402115,True,True,False,S226684627,
wilsni1,Wilson's Snipe,Gallinago delicata,L3041917,Dixon Meadow Preserve,2025-04-18 08:31,8.0,40.1003152,-75.2402115,True,False,False,S226636330,
blkvul,Black Vulture,Coragyps atratus,L3041917,Dixon Meadow Preserve,2025-04-18 08:31,1.0,40.1003152,-75.2402115,True,False,False,S226636330,
reshaw,Red-shouldered Hawk,Buteo lineatus,L3041917,Dixon Meadow Preserve,2025-04-18 08:31,2.0,40.1003152,-75.2402115,True,False,False,S226636330,
rethaw,Red-tailed Hawk,Buteo jamaicensis,L3041917,Dixon Meadow Preserve,2025-04-18 08:31,1.0,40.1003152,-75.2402115,True,False,False,S226636330,
norfli,Northern Flicker,Colaptes auratus,L3041917,Dixon Meadow Preserve,2025-04-18 08:31,2.0,40.1003152,-75.2402115,True,False,False,S226636330,
amecro,American Crow,Corvus brachyrhynchos,L3041917,Dixon Meadow Preserve,2025-04-18 08:31,2.0,40.1003152,-75.2402115,True,False,False,S226636330,
tuftit,Tufted Titmouse,Baeolophus bicolor,L3041917,Dixon Meadow Preserve,2025-04-18 08:31,1.0,40.1003152,-75.2402115,True,False,False,S226636330,
treswa,Tree Swallow,Tachycineta bicolor,L3041917,Dixon Meadow Preserve,2025-04-18 08:31,25.0,40.1003152,-75.2402115,True,False,False,S226636330,
easblu,Eastern Bluebird,Sialia sialis,L3041917,Dixon Meadow Preserve,2025-04-18 08:31,2.0,40.1003152,-75.2402115,True,False,False,S226636330,
houspa,House Sparrow,Passer domesticus,L3041917,Dixon Meadow Preserve,2025-04-18 08:31,2.0,40.1003152,-75.2402115,True,False,False,S226636330,N
whtspa,White-throated Sparrow,Zonotrichia albicollis,L3041917,Dixon Meadow Preserve,2025-04-18 08:31,1.0,40.1003152,-75.2402115,True,False,False,S226636330,
swaspa,Swamp Sparrow,Melospiza georgiana,L3041917,Dixon Meadow Preserve,2025-04-18 08:31,2.0,40.1003152,-75.2402115,True,False,False,S226636330,
bnhcow,Brown-headed Cowbird,Molothrus ater,L3041917,Dixon Meadow Preserve,2025-04-18 08:31,2.0,40.1003152,-75.2402115,True,False,False,S226636330,
comgra,Common Grackle,Quiscalus quiscula,L3041917,Dixon Meadow Preserve,2025-04-18 08:31,1.0,40.1003152,-75.2402115,True,False,False,S226636330,
cangoo,Canada Goose,Branta canadensis,L3041917,Dixon Meadow Preserve,2025-04-19 17:56,3.0,40.1003152,-75.2402115,True,False,False,S227200400,
mallar3,Mallard,Anas platyrhynchos,L3041917,Dixon Meadow Preserve,2025-04-19 17:56,3.0,40.1003152,-75.2402115,True,False,False,S227200400,
moudov,Mourning Dove,Zenaida macroura,L3041917,Dixon Meadow Preserve,2025-04-19 17:56,4.0,40.1003152,-75.2402115,True,False,False,S227200400,
killde,Killdeer,Charadrius vociferus,L3041917,Dixon Meadow Preserve,2025-04-19 17:56,1.0,40.1003152,-75.2402115,True,False,False,S227200400,
wilsni1,Wilson's Snipe,Gallinago delicata,L3041917,Dixon Meadow Preserve,2025-04-19 17:56,2.0,40.1003152,-75.2402115,True,False,False,S227200400,
lesyel,Lesser Yellowlegs,Tringa flavipes,L3041917,Dixon Meadow Preserve,2025-04-19 17:56,1.0,40.1003152,-75.2402115,True,False,False,S227200400,
rethaw,Red-tailed Hawk,Buteo jamaicensis,L3041917,Dixon Meadow Preserve,2025-04-19 17:56,1.0,40.1003152,-75.2402115,True,False,False,S227200400,
norfli,Northern Flicker,Colaptes auratus,L3041917,Dixon Meadow Preserve,2025-04-19 17:56,1.0,40.1003152,-75.2402115,True,False,False,S227200400,
amekes,American Kestrel,Falco sparverius,L3041917,Dixon Meadow Preserve,2025-04-19 17:56,1.0,40.1003152,-75.2402115,True,False,False,S227200400,
treswa,Tree Swallow,Tachycineta bicolor,L3041917,Dixon Meadow Preserve,2025-04-19 17:56,3.0,40.1003152,-75.2402115,True,False,False,S227200400,
eursta,European Starling,Sturnus vulgaris,L3041917,Dixon Meadow Preserve,2025-04-19 17:56,,40.1003152,-75.2402115,True,False,False,S227200400,N
normoc,Northern Mockingbird,Mimus polyglottos,L3041917,Dixon Meadow Preserve,2025-04-19 17:56,2.0,40.1003152,-75.2402115,True,False,False,S227200400,
amerob,American Robin,Turdus migratorius,L3041917,Dixon Meadow Preserve,2025-04-19 17:56,,40.1003152,-75.2402115,True,False,False,S227200400,
houfin,House Finch,Haemorhous mexicanus,L3041917,Dixon Meadow Preserve,2025-04-19 17:56,4.0,40.1003152,-75.2402115,True,False,False,S227200400,N
sonspa,Song Sparrow,Melospiza melodia,L3041917,Dixon Meadow Preserve,2025-04-19 17:56,6.0,40.1003152,-75.2402115,True,False,False,S227200400,
rewbla,Red-winged Blackbird,Agelaius phoeniceus,L3041917,Dixon Meadow Preserve,2025-04-19 17:56,,40.1003152,-75.2402115,True,False,False,S227200400,
bnhcow,Brown-headed Cowbird,Molothrus ater,L3041917,Dixon Meadow Preserve,2025-04-19 17:56,3.0,40.1003152,-75.2402115,True,False,False,S227200400,
norhar2,Northern Harrier,Circus hudsonius,L3041917,Dixon Meadow Preserve,2025-04-19 15:57,1.0,40.1003152,-75.2402115,True,False,False,S227335409,
carwre,Carolina Wren,Thryothorus ludovicianus,L3041917,Dixon Meadow Preserve,2025-04-19 15:57,1.0,40.1003152,-75.2402115,True,False,False,S227335409,
houspa,House Sparrow,Passer domesticus,L3041917,Dixon Meadow Preserve,2025-04-19 15:57,1.0,40.1003152,-75.2402115,True,False,False,S227335409,N
amecro,American Crow,Corvus brachyrhynchos,L3041917,Dixon Meadow Preserve,2025-04-19 11:52,2.0,40.1003152,-75.2402115,True,False,False,S227073602,
rebwoo,Red-bellied Woodpecker,Melanerpes carolinus,L3041917,Dixon Meadow Preserve,2025-04-19 07:25,1.0,40.1003152,-75.2402115,True,False,False,S227107001,
easblu,Eastern Bluebird,Sialia sialis,L3041917,Dixon Meadow Preserve,2025-04-19 07:25,1.0,40.1003152,-75.2402115,True,False,False,S227107001,
amegfi,American Goldfinch,Spinus tristis,L3041917,Dixon Meadow Preserve,2025-04-19 07:25,4.0,40.1003152,-75.2402115,True,False,False,S227107001,
yerwar,Yellow-rumped Warbler,Setophaga coronata,L3041917,Dixon Meadow Preserve,2025-04-19 07:25,1.0,40.1003152,-75.2402115,True,False,False,S227107001,
treswa,Tree Swallow,Tachycineta bicolor,L3041917,Dixon Meadow Preserve,2025-04-20 17:15,,40.1003152,-75.2402115,True,False,False,S227604231,
normoc,Northern Mockingbird,Mimus polyglottos,L3041917,Dixon Meadow Preserve,2025-04-20 17:15,,40.1003152,-75.2402115,True,False,False,S227604231,
amerob,American Robin,Turdus migratorius,L3041917,Dixon Meadow Preserve,2025-04-20 17:15,,40.1003152,-75.2402115,True,False,False,S227604231,
amegfi,American Goldfinch,Spinus tristis,L3041917,Dixon Meadow Preserve,2025-04-20 17:15,,40.1003152,-75.2402115,True,False,False,S227604231,
savspa,Savannah Sparrow,Passerculus sandwichensis,L3041917,Dixon Meadow Preserve,2025-04-20 17:15,,40.1003152,-75.2402115,True,False,False,S227604231,
sonspa,Song Sparrow,Melospiza melodia,L3041917,Dixon Meadow Preserve,2025-04-20 17:15,,40.1003152,-75.2402115,True,False,False,S227604231,
rewbla,Red-winged Blackbird,Agelaius phoeniceus,L3041917,Dixon Meadow Preserve,2025-04-20 17:15,,40.1003152,-75.2402115,True,False,False,S227604231,
wilsni1,Wilson's Snipe,Gallinago delicata,L3041917,Dixon Meadow Preserve,2025-04-20 15:22,1.0,40.1003152,-75.2402115,True,False,False,S227599283,
barswa,Barn Swallow,Hirundo rustica,L3041917,Dixon Meadow Preserve,2025-04-20 15:22,4.0,40.1003152,-75.2402115,True,False,False,S227599283,
moudov,Mourning Dove,Zenaida macroura,L3041917,Dixon Meadow Preserve,2025-04-20 10:50,3.0,40.1003152,-75.2402115,True,False,False,S227602352,
amekes,American Kestrel,Falco sparverius,L3041917,Dixon Meadow Preserve,2025-04-20 10:50,1.0,40.1003152,-75.2402115,True,False,False,S227602352,
eursta,European Starling,Sturnus vulgaris,L3041917,Dixon Meadow Preserve,2025-04-20 10:50,2.0,40.1003152,-75.2402115,True,False,False,S227602352,N
houfin,House Finch,Haemorhous mexicanus,L3041917,Dixon Meadow Preserve,2025-04-20 10:50,6.0,40.1003152,-75.2402115,True,False,False,S227602352,N
bnhcow,Brown-headed Cowbird,Molothrus ater,L3041917,Dixon Meadow Preserve,2025-04-20 10:50,1.0,40.1003152,-75.2402115,True,False,False,S227602352,
cangoo,Canada Goose,Branta canadensis,L3041917,Dixon Meadow Preserve,2025-04-20 09:24,26.0,40.1003152,-75.2402115,True,False,False,S227415864,
turvul,Turkey Vulture,Cathartes aura,L3041917,Dixon Meadow Preserve,2025-04-20 09:24,2.0,40.1003152,-75.2402115,True,False,False,S227415864,
rethaw,Red-tailed Hawk,Buteo jamaicensis,L3041917,Dixon Meadow Preserve,2025-04-20 09:24,1.0,40.1003152,-75.2402115,True,False,False,S227415864,
amecro,American Crow,Corvus brachyrhynchos,L3041917,Dixon Meadow Preserve,2025-04-20 09:24,1.0,40.1003152,-75.2402115,True,False,False,S227415864,
houspa,House Sparrow,Passer domesticus,L3041917,Dixon Meadow Preserve,2025-04-20 09:24,1.0,40.1003152,-75.2402115,True,False,False,S227415864,N
baleag,Bald Eagle,Haliaeetus leucocephalus,L3041917,Dixon Meadow Preserve,2025-04-20 09:00,1.0,40.1003152,-75.2402115,True,False,False,S230242002,
nrwswa,Northern Rough-winged Swallow,Stelgidopteryx serripennis,L3041917,Dixon Meadow Preserve,2025-04-20 09:00,1.0,40.1003152,-75.2402115,True,False,False,S230242002,
mallar3,Mallard,Anas platyrhynchos,L3041917,Dixon Meadow Preserve,2025-04-20 06:51,3.0,40.1003152,-75.2402115,True,False,False,S227499565,
norfli,Northern Flicker,Colaptes auratus,L3041917,Dixon Meadow Preserve,2025-04-20 06:51,2.0,40.1003152,-75.2402115,True,False,False,S227499565,
blujay,Blue Jay,Cyanocitta cristata,L3041917,Dixon Meadow Preserve,2025-04-20 06:51,2.0,40.1003152,-75.2402115,True,False,False,S227499565,
carwre,Carolina Wren,Thryothorus ludovicianus,L3041917,Dixon Meadow Preserve,2025-04-20 06:51,1.0,40.1003152,-75.2402115,True,False,False,S227499565,
easblu,Eastern Bluebird,Sialia sialis,L3041917,Dixon Meadow Preserve,2025-04-20 06:51,2.0,40.1003152,-75.2402115,True,False,False,S227499565,
cedwax,Cedar Waxwing,Bombycilla cedrorum,L3041917,Dixon Meadow Preserve,2025-04-20 06:51,2.0,40.1003152,-75.2402115,True,False,False,S227499565,
daejun,Dark-eyed Junco,Junco hyemalis,L3041917,Dixon Meadow Preserve,2025-04-20 06:51,2.0,40.1003152,-75.2402115,True,False,False,S227499565,
palwar,Palm Warbler,Setophaga palmarum,L3041917,Dixon Meadow Preserve,2025-04-20 06:51,1.0,40.1003152,-75.2402115,True,False,False,S227499565,
mallar3,Mallard,Anas platyrhynchos,L3041917,Dixon Meadow Preserve,2025-04-22 18:17,2.0,40.1003152,-75.2402115,True,False,False,S228329552,
treswa,Tree Swallow,Tachycineta bicolor,L3041917,Dixon Meadow Preserve,2025-04-22 18:17,5.0,40.1003152,-75.2402115,True,False,False,S228329552,
eursta,European Starling,Sturnus vulgaris,L3041917,Dixon Meadow Preserve,2025-04-22 18:17,1.0,40.1003152,-75.2402115,True,False,False,S228329552,N
normoc,Northern Mockingbird,Mimus polyglottos,L3041917,Dixon Meadow Preserve,2025-04-22 18:17,1.0,40.1003152,-75.2402115,True,False,False,S228329552,
amerob,American Robin,Turdus migratorius,L3041917,Dixon Meadow Preserve,2025-04-22 18:17,1.0,40.1003152,-75.2402115,True,False,False,S228329552,
sonspa,Song Sparrow,Melospiza melodia,L3041917,Dixon Meadow Preserve,2025-04-22 18:17,4.0,40.1003152,-75.2402115,True,False,False,S228329552,
rewbla,Red-winged Blackbird,Agelaius phoeniceus,L3041917,Dixon Meadow Preserve,2025-04-22 18:17,20.0,40.1003152,-75.2402115,True,False,False,S228329552,
cangoo,Canada Goose,Branta canadensis,L3041917,Dixon Meadow Preserve,2025-04-22 08:32,2.0,40.1003152,-75.2402115,True,False,False,S228168581,
killde,Killdeer,Charadrius vociferus,L3041917,Dixon Meadow Preserve,2025-04-22 08:32,1.0,40.1003152,-75.2402115,True,False,False,S228168581,
wilsni1,Wilson's Snipe,Gallinago delicata,L3041917,Dixon Meadow Preserve,2025-04-22 08:32,1.0,40.1003152,-75.2402115,True,False,False,S228168581,
sposan,Spotted Sandpiper,Actitis macularius,L3041917,Dixon Meadow Preserve,2025-04-22 08:32,1.0,40.1003152,-75.2402115,True,False,False,S228168581,
solsan,Solitary Sandpiper,Tringa solitaria,L3041917,Dixon Meadow Preserve,2025-04-22 08:32,1.0,40.1003152,-75.2402115,True,False,False,S228168581,
rethaw,Red-tailed Hawk,Buteo jamaicensis,L3041917,Dixon Meadow Preserve,2025-04-22 08:32,1.0,40.1003152,-75.2402115,True,False,False,S228168581,
norfli,Northern Flicker,Colaptes auratus,L3041917,Dixon Meadow Preserve,2025-04-22 08:32,1.0,40.1003152,-75.2402115,True,False,False,S228168581,
easkin,Eastern Kingbird,Tyrannus tyrannus,L3041917,Dixon Meadow Preserve,2025-04-22 08:32,1.0,40.1003152,-75.2402115,True,False,False,S228168581,
amecro,American Crow,Corvus brachyrhynchos,L3041917,Dixon Meadow Preserve,2025-04-22 08:32,1.0,40.1003152,-75.2402115,True,False,False,S228168581,
barswa,Barn Swallow,Hirundo rustica,L3041917,Dixon Meadow Preserve,2025-04-22 08:32,1.0,40.1003152,-75.2402115,True,False,False,S228168581,
houspa,House Sparrow,Passer domesticus,L3041917,Dixon Meadow Preserve,2025-04-22 08:32,4.0,40.1003152,-75.2402115,True,False,False,S228168581,N
houfin,House Finch,Haemorhous mexicanus,L3041917,Dixon Meadow Preserve,2025-04-22 08:32,1.0,40.1003152,-75.2402115,True,False,False,S228168581,N
amegfi,American Goldfinch,Spinus tristis,L3041917,Dixon Meadow Preserve,2025-04-22 08:32,1.0,40.1003152,-75.2402115,True,False,False,S228168581,
mallar3,Mallard,Anas platyrhynchos,L3041917,Dixon Meadow Preserve,2025-04-23 17:21,2.0,40.1003152,-75.2402115,True,False,False,S228678791,
moudov,Mourning Dove,Zenaida macroura,L3041917,Dixon Meadow Preserve,2025-04-23 17:21,6.0,40.1003152,-75.2402115,True,False,False,S228678791,
solsan,Solitary Sandpiper,Tringa solitaria,L3041917,Dixon Meadow Preserve,2025-04-23 17:21,1.0,40.1003152,-75.2402115,True,False,False,S228678791,
easkin,Eastern Kingbird,Tyrannus tyrannus,L3041917,Dixon Meadow Preserve,2025-04-23 17:21,1.0,40.1003152,-75.2402115,True,False,False,S228678791,
fiscro,Fish Crow,Corvus ossifragus,L3041917,Dixon Meadow Preserve,2025-04-23 17:21,2.0,40.1003152,-75.2402115,True,False,False,S228678791,
treswa,Tree Swallow,Tachycineta bicolor,L3041917,Dixon Meadow Preserve,2025-04-23 17:21,4.0,40.1003152,-75.2402115,True,False,False,S228678791,
barswa,Barn Swallow,Hirundo rustica,L3041917,Dixon Meadow Preserve,2025-04-23 17:21,3.0,40.1003152,-75.2402115,True,False,False,S228678791,
eursta,European Starling,Sturnus vulgaris,L3041917,Dixon Meadow Preserve,2025-04-23 17:21,13.0,40.1003152,-75.2402115,True,False,False,S228678791,N
normoc,Northern Mockingbird,Mimus polyglottos,L3041917,Dixon Meadow Preserve,2025-04-23 17:21,2.0,40.1003152,-75.2402115,True,False,False,S228678791,
houfin,House Finch,Haemorhous mexicanus,L3041917,Dixon Meadow Preserve,2025-04-23 17:21,5.0,40.1003152,-75.2402115,True,False,False,S228678791,N
amegfi,American Goldfinch,Spinus tristis,L3041917,Dixon Meadow Preserve,2025-04-23 17:21,4.0,40.1003152,-75.2402115,True,False,False,S228678791,
savspa,Savannah Sparrow,Passerculus sandwichensis,L3041917,Dixon Meadow Preserve,2025-04-23 17:21,1.0,40.1003152,-75.2402115,True,False,False,S228678791,
sonspa,Song Sparrow,Melospiza melodia,L3041917,Dixon Meadow Preserve,2025-04-23 17:21,3.0,40.1003152,-75.2402115,True,False,False,S228678791,
rewbla,Red-winged Blackbird,Agelaius phoeniceus,L3041917,Dixon Meadow Preserve,2025-04-23 17:21,21.0,40.1003152,-75.2402115,True,False,False,S228678791,
bnhcow,Brown-headed Cowbird,Molothrus ater,L3041917,Dixon Meadow Preserve,2025-04-23 17:21,3.0,40.1003152,-75.2402115,True,False,False,S228678791,
norcar,Northern Cardinal,Cardinalis cardinalis,L3041917,Dixon Meadow Preserve,2025-04-23 17:21,2.0,40.1003152,-75.2402115,True,False,False,S228678791,
wilsni1,Wilson's Snipe,Gallinago delicata,L3041917,Dixon Meadow Preserve,2025-04-23 17:02,1.0,40.1003152,-75.2402115,True,False,False,S228710708,
moudov,Mourning Dove,Zenaida macroura,L3041917,Dixon Meadow Preserve,2025-04-24 18:27,4.0,40.1003152,-75.2402115,True,False,False,S229044554,
turvul,Turkey Vulture,Cathartes aura,L3041917,Dixon Meadow Preserve,2025-04-24 18:27,1.0,40.1003152,-75.2402115,True,False,False,S229044554,
norfli,Northern Flicker,Colaptes auratus,L3041917,Dixon Meadow Preserve,2025-04-24 18:27,1.0,40.1003152,-75.2402115,True,False,False,S229044554,
nrwswa,Northern Rough-winged Swallow,Stelgidopteryx serripennis,L3041917,Dixon Meadow Preserve,2025-04-24 18:27,4.0,40.1003152,-75.2402115,True,False,False,S229044554,
eursta,European Starling,Sturnus vulgaris,L3041917,Dixon Meadow Preserve,2025-04-24 18:27,2.0,40.1003152,-75.2402115,True,False,False,S229044554,N
normoc,Northern Mockingbird,Mimus polyglottos,L3041917,Dixon Meadow Preserve,2025-04-24 18:27,2.0,40.1003152,-75.2402115,True,False,False,S229044554,
amerob,American Robin,Turdus migratorius,L3041917,Dixon Meadow Preserve,2025-04-24 18:27,7.0,40.1003152,-75.2402115,True,False,False,S229044554,
houfin,House Finch,Haemorhous mexicanus,L3041917,Dixon Meadow Preserve,2025-04-24 18:27,1.0,40.1003152,-75.2402115,True,False,False,S229044554,N
amegfi,American Goldfinch,Spinus tristis,L3041917,Dixon Meadow Preserve,2025-04-24 18:27,2.0,40.1003152,-75.2402115,True,False,False,S229044554,
sonspa,Song Sparrow,Melospiza melodia,L3041917,Dixon Meadow Preserve,2025-04-24 18:27,1.0,40.1003152,-75.2402115,True,False,False,S229044554,
rewbla,Red-winged Blackbird,Agelaius phoeniceus,L3041917,Dixon Meadow Preserve,2025-04-24 18:27,10.0,40.1003152,-75.2402115,True,False,False,S229044554,
bnhcow,Brown-headed Cowbird,Molothrus ater,L3041917,Dixon Meadow Preserve,2025-04-24 18:27,1.0,40.1003152,-75.2402115,True,False,False,S229044554,
easkin,Eastern Kingbird,Tyrannus tyrannus,L3041917,Dixon Meadow Preserve,2025-04-24 10:06,1.0,40.1003152,-75.2402115,True,False,False,S228850406,
treswa,Tree Swallow,Tachycineta bicolor,L3041917,Dixon Meadow Preserve,2025-04-24 10:06,8.0,40.1003152,-75.2402115,True,False,False,S228850406,
cangoo,Canada Goose,Branta canadensis,L3041917,Dixon Meadow Preserve,2025-04-24 07:02,30.0,40.1003152,-75.2402115,True,False,False,S228803206,
mallar3,Mallard,Anas platyrhynchos,L3041917,Dixon Meadow Preserve,2025-04-24 07:02,2.0,40.1003152,-75.2402115,True,False,False,S228803206,
rocpig,Rock Pigeon,Columba livia,L3041917,Dixon Meadow Preserve,2025-04-24 07:02,4.0,40.1003152,-75.2402115,True,False,False,S228803206,N
solsan,Solitary Sandpiper,Tringa solitaria,L3041917,Dixon Meadow Preserve,2025-04-24 07:02,2.0,40.1003152,-75.2402115,True,False,False,S228803206,
doccor,Double-crested Cormorant,Nannopterum auritum,L3041917,Dixon Meadow Preserve,2025-04-24 07:02,135.0,40.1003152,-75.2402115,True,True,False,S228803206,
amekes,American Kestrel,Falco sparverius,L3041917,Dixon Meadow Preserve,2025-04-24 07:02,2.0,40.1003152,-75.2402115,True,False,False,S228803206,
blujay,Blue Jay,Cyanocitta cristata,L3041917,Dixon Meadow Preserve,2025-04-24 07:02,10.0,40.1003152,-75.2402115,True,False,False,S228803206,
amecro,American Crow,Corvus brachyrhynchos,L3041917,Dixon Meadow Preserve,2025-04-24 07:02,1.0,40.1003152,-75.2402115,True,False,False,S228803206,
comrav,Common Raven,Corvus corax,L3041917,Dixon Meadow Preserve,2025-04-24 07:02,1.0,40.1003152,-75.2402115,True,False,False,S228803206,
barswa,Barn Swallow,Hirundo rustica,L3041917,Dixon Meadow Preserve,2025-04-24 07:02,1.0,40.1003152,-75.2402115,True,False,False,S228803206,
easblu,Eastern Bluebird,Sialia sialis,L3041917,Dixon Meadow Preserve,2025-04-24 07:02,2.0,40.1003152,-75.2402115,True,False,False,S228803206,
houspa,House Sparrow,Passer domesticus,L3041917,Dixon Meadow Preserve,2025-04-24 07:02,1.0,40.1003152,-75.2402115,True,False,False,S228803206,N
fiespa,Field Sparrow,Spizella pusilla,L3041917,Dixon Meadow Preserve,2025-04-24 07:02,1.0,40.1003152,-75.2402115,True,False,False,S228803206,
comgra,Common Grackle,Quiscalus quiscula,L3041917,Dixon Meadow Preserve,2025-04-24 07:02,4.0,40.1003152,-75.2402115,True,False,False,S228803206,
mallar3,Mallard,Anas platyrhynchos,L3041917,Dixon Meadow Preserve,2025-04-25 11:07,2.0,40.1003152,-75.2402115,True,False,False,S229239865,
moudov,Mourning Dove,Zenaida macroura,L3041917,Dixon Meadow Preserve,2025-04-25 11:07,2.0,40.1003152,-75.2402115,True,False,False,S229239865,
sposan,Spotted Sandpiper,Actitis macularius,L3041917,Dixon Meadow Preserve,2025-04-25 11:07,1.0,40.1003152,-75.2402115,True,False,False,S229239865,
turvul,Turkey Vulture,Cathartes aura,L3041917,Dixon Meadow Preserve,2025-04-25 11:07,12.0,40.1003152,-75.2402115,True,False,False,S229239865,
baleag,Bald Eagle,Haliaeetus leucocephalus,L3041917,Dixon Meadow Preserve,2025-04-25 11:07,3.0,40.1003152,-75.2402115,True,False,False,S229239865,
norfli,Northern Flicker,Colaptes auratus,L3041917,Dixon Meadow Preserve,2025-04-25 11:07,1.0,40.1003152,-75.2402115,True,False,False,S229239865,
easkin,Eastern Kingbird,Tyrannus tyrannus,L3041917,Dixon Meadow Preserve,2025-04-25 11:07,1.0,40.1003152,-75.2402115,True,False,False,S229239865,
amecro,American Crow,Corvus brachyrhynchos,L3041917,Dixon Meadow Preserve,2025-04-25 11:07,1.0,40.1003152,-75.2402115,True,False,False,S229239865,
treswa,Tree Swallow,Tachycineta bicolor,L3041917,Dixon Meadow Preserve,2025-04-25 11:07,20.0,40.1003152,-75.2402115,True,False,False,S229239865,
barswa,Barn Swallow,Hirundo rustica,L3041917,Dixon Meadow Preserve,2025-04-25 11:07,2.0,40.1003152,-75.2402115,True,False,False,S229239865,
eursta,European Starling,Sturnus vulgaris,L3041917,Dixon Meadow Preserve,2025-04-25 11:07,10.0,40.1003152,-75.2402115,True,False,False,S229239865,N
normoc,Northern Mockingbird,Mimus polyglottos,L3041917,Dixon Meadow Preserve,2025-04-25 11:07,2.0,40.1003152,-75.2402115,True,False,False,S229239865,
easblu,Eastern Bluebird,Sialia sialis,L3041917,Dixon Meadow Preserve,2025-04-25 11:07,1.0,40.1003152,-75.2402115,True,False,False,S229239865,
amerob,American Robin,Turdus migratorius,L3041917,Dixon Meadow Preserve,2025-04-25 11:07,30.0,40.1003152,-75.2402115,True,False,False,S229239865,
houspa,House Sparrow,Passer domesticus,L3041917,Dixon Meadow Preserve,2025-04-25 11:07,1.0,40.1003152,-75.2402115,True,False,False,S229239865,N
houfin,House Finch,Haemorhous mexicanus,L3041917,Dixon Meadow Preserve,2025-04-25 11:07,6.0,40.1003152,-75.2402115,True,False,False,S229239865,N
amegfi,American Goldfinch,Spinus tristis,L3041917,Dixon Meadow Preserve,2025-04-25 11:07,8.0,40.1003152,-75.2402115,True,False,False,S229239865,
sonspa,Song Sparrow,Melospiza melodia,L3041917,Dixon Meadow Preserve,2025-04-25 11:07,6.0,40.1003152,-75.2402115,True,False,False,S229239865,
rewbla,Red-winged Blackbird,Agelaius phoeniceus,L3041917,Dixon Meadow Preserve,2025-04-25 11:07,30.0,40.1003152,-75.2402115,True,False,False,S229239865,
cangoo,Canada Goose,Branta canadensis,L3041917,Dixon Meadow Preserve,2025-04-25 09:07,2.0,40.1003152,-75.2402115,True,False,False,S229205017,
lesyel,Lesser Yellowlegs,Tringa flavipes,L3041917,Dixon Meadow Preserve,2025-04-25 09:07,1.0,40.1003152,-75.2402115,True,False,False,S229205017,
whcspa,White-crowned Sparrow,Zonotrichia leucophrys,L3041917,Dixon Meadow Preserve,2025-04-25 09:07,2.0,40.1003152,-75.2402115,True,True,False,S229205017,
orcori,Orchard Oriole,Icterus spurius,L3041917,Dixon Meadow Preserve,2025-04-25 09:07,1.0,40.1003152,-75.2402115,True,False,False,S229205017,
solsan,Solitary Sandpiper,Tringa solitaria,L3041917,Dixon Meadow Preserve,2025-04-25 06:00,2.0,40.1003152,-75.2402115,True,False,False,S229386088,
grbher3,Great Blue Heron,Ardea herodias,L3041917,Dixon Meadow Preserve,2025-04-25 06:00,3.0,40.1003152,-75.2402115,True,False,False,S229386088,
carwre,Carolina Wren,Thryothorus ludovicianus,L3041917,Dixon Meadow Preserve,2025-04-25 06:00,1.0,40.1003152,-75.2402115,True,False,False,S229386088,
savspa,Savannah Sparrow,Passerculus sandwichensis,L3041917,Dixon Meadow Preserve,2025-04-25 06:00,4.0,40.1003152,-75.2402115,True,False,False,S229386088,
rocpig,Rock Pigeon,Columba livia,L3041917,Dixon Meadow Preserve,2025-04-26 10:54,3.0,40.1003152,-75.2402115,True,False,False,S229645916,N
moudov,Mourning Dove,Zenaida macroura,L3041917,Dixon Meadow Preserve,2025-04-26 10:54,4.0,40.1003152,-75.2402115,True,False,False,S229645916,
killde,Killdeer,Charadrius vociferus,L3041917,Dixon Meadow Preserve,2025-04-26 10:54,1.0,40.1003152,-75.2402115,True,False,False,S229645916,
solsan,Solitary Sandpiper,Tringa solitaria,L3041917,Dixon Meadow Preserve,2025-04-26 10:54,2.0,40.1003152,-75.2402115,True,False,False,S229645916,
turvul,Turkey Vulture,Cathartes aura,L3041917,Dixon Meadow Preserve,2025-04-26 10:54,3.0,40.1003152,-75.2402115,True,False,False,S229645916,
belkin1,Belted Kingfisher,Megaceryle alcyon,L3041917,Dixon Meadow Preserve,2025-04-26 10:54,1.0,40.1003152,-75.2402115,True,False,False,S229645916,
amekes,American Kestrel,Falco sparverius,L3041917,Dixon Meadow Preserve,2025-04-26 10:54,1.0,40.1003152,-75.2402115,True,False,False,S229645916,
amecro,American Crow,Corvus brachyrhynchos,L3041917,Dixon Meadow Preserve,2025-04-26 10:54,2.0,40.1003152,-75.2402115,True,False,False,S229645916,
fiscro,Fish Crow,Corvus ossifragus,L3041917,Dixon Meadow Preserve,2025-04-26 10:54,1.0,40.1003152,-75.2402115,True,False,False,S229645916,
treswa,Tree Swallow,Tachycineta bicolor,L3041917,Dixon Meadow Preserve,2025-04-26 10:54,15.0,40.1003152,-75.2402115,True,False,False,S229645916,
eursta,European Starling,Sturnus vulgaris,L3041917,Dixon Meadow Preserve,2025-04-26 10:54,14.0,40.1003152,-75.2402115,True,False,False,S229645916,N
normoc,Northern Mockingbird,Mimus polyglottos,L3041917,Dixon Meadow Preserve,2025-04-26 10:54,2.0,40.1003152,-75.2402115,True,False,False,S229645916,
amerob,American Robin,Turdus migratorius,L3041917,Dixon Meadow Preserve,2025-04-26 10:54,20.0,40.1003152,-75.2402115,True,False,False,S229645916,
houfin,House Finch,Haemorhous mexicanus,L3041917,Dixon Meadow Preserve,2025-04-26 10:54,2.0,40.1003152,-75.2402115,True,False,False,S229645916,N
amegfi,American Goldfinch,Spinus tristis,L3041917,Dixon Meadow Preserve,2025-04-26 10:54,4.0,40.1003152,-75.2402115,True,False,False,S229645916,
sonspa,Song Sparrow,Melospiza melodia,L3041917,Dixon Meadow Preserve,2025-04-26 10:54,6.0,40.1003152,-75.2402115,True,False,False,S229645916,
rewbla,Red-winged Blackbird,Agelaius phoeniceus,L3041917,Dixon Meadow Preserve,2025-04-26 10:54,6.0,40.1003152,-75.2402115,True,False,False,S229645916,
bnhcow,Brown-headed Cowbird,Molothrus ater,L3041917,Dixon Meadow Preserve,2025-04-26 10:54,1.0,40.1003152,-75.2402115,True,False,False,S229645916,
yelwar,Yellow Warbler,Setophaga petechia,L3041917,Dixon Meadow Preserve,2025-04-26 10:54,1.0,40.1003152,-75.2402115,True,False,False,S229645916,
norcar,Northern Cardinal,Cardinalis cardinalis,L3041917,Dixon Meadow Preserve,2025-04-26 10:54,2.0,40.1003152,-75.2402115,True,False,False,S229645916,
cangoo,Canada Goose,Branta canadensis,L3041917,Dixon Meadow Preserve,2025-04-26 10:46,3.0,40.1003152,-75.2402115,True,False,False,S229626570,
mallar3,Mallard,Anas platyrhynchos,L3041917,Dixon Meadow Preserve,2025-04-26 10:46,1.0,40.1003152,-75.2402115,True,False,False,S229626570,
nrwswa,Northern Rough-winged Swallow,Stelgidopteryx serripennis,L3041917,Dixon Meadow Preserve,2025-04-26 10:46,1.0,40.1003152,-75.2402115,True,False,False,S229626570,
barswa,Barn Swallow,Hirundo rustica,L3041917,Dixon Meadow Preserve,2025-04-26 10:46,3.0,40.1003152,-75.2402115,True,False,False,S229626570,
mallar3,Mallard,Anas platyrhynchos,L3041917,Dixon Meadow Preserve,2025-04-27 15:13,2.0,40.1003152,-75.2402115,True,False,False,S230185931,
moudov,Mourning Dove,Zenaida macroura,L3041917,Dixon Meadow Preserve,2025-04-27 15:13,2.0,40.1003152,-75.2402115,True,False,False,S230185931,
treswa,Tree Swallow,Tachycineta bicolor,L3041917,Dixon Meadow Preserve,2025-04-27 15:13,2.0,40.1003152,-75.2402115,True,False,False,S230185931,
eursta,European Starling,Sturnus vulgaris,L3041917,Dixon Meadow Preserve,2025-04-27 15:13,2.0,40.1003152,-75.2402115,True,False,False,S230185931,N
normoc,Northern Mockingbird,Mimus polyglottos,L3041917,Dixon Meadow Preserve,2025-04-27 15:13,4.0,40.1003152,-75.2402115,True,False,False,S230185931,
amerob,American Robin,Turdus migratorius,L3041917,Dixon Meadow Preserve,2025-04-27 15:13,9.0,40.1003152,-75.2402115,True,False,False,S230185931,
sonspa,Song Sparrow,Melospiza melodia,L3041917,Dixon Meadow Preserve,2025-04-27 15:13,3.0,40.1003152,-75.2402115,True,False,False,S230185931,
rewbla,Red-winged Blackbird,Agelaius phoeniceus,L3041917,Dixon Meadow Preserve,2025-04-27 15:13,1.0,40.1003152,-75.2402115,True,False,False,S230185931,
greyel,Greater Yellowlegs,Tringa melanoleuca,L3041917,Dixon Meadow Preserve,2025-04-27 12:58,1.0,40.1003152,-75.2402115,True,False,False,S230150617,
coohaw,Cooper's Hawk,Astur cooperii,L3041917,Dixon Meadow Preserve,2025-04-27 12:58,1.0,40.1003152,-75.2402115,True,False,False,S230150617,
rethaw,Red-tailed Hawk,Buteo jamaicensis,L3041917,Dixon Meadow Preserve,2025-04-27 12:58,1.0,40.1003152,-75.2402115,True,False,False,S230150617,
norfli,Northern Flicker,Colaptes auratus,L3041917,Dixon Meadow Preserve,2025-04-27 12:58,1.0,40.1003152,-75.2402115,True,False,False,S230150617,
amecro,American Crow,Corvus brachyrhynchos,L3041917,Dixon Meadow Preserve,2025-04-27 12:58,2.0,40.1003152,-75.2402115,True,False,False,S230150617,
fiscro,Fish Crow,Corvus ossifragus,L3041917,Dixon Meadow Preserve,2025-04-27 12:58,1.0,40.1003152,-75.2402115,True,False,False,S230150617,
barswa,Barn Swallow,Hirundo rustica,L3041917,Dixon Meadow Preserve,2025-04-27 12:58,1.0,40.1003152,-75.2402115,True,False,False,S230150617,
carwre,Carolina Wren,Thryothorus ludovicianus,L3041917,Dixon Meadow Preserve,2025-04-27 12:58,1.0,40.1003152,-75.2402115,True,False,False,S230150617,
houspa,House Sparrow,Passer domesticus,L3041917,Dixon Meadow Preserve,2025-04-27 12:58,1.0,40.1003152,-75.2402115,True,False,False,S230150617,N
houfin,House Finch,Haemorhous mexicanus,L3041917,Dixon Meadow Preserve,2025-04-27 12:58,1.0,40.1003152,-75.2402115,True,False,False,S230150617,N
amegfi,American Goldfinch,Spinus tristis,L3041917,Dixon Meadow Preserve,2025-04-27 12:58,2.0,40.1003152,-75.2402115,True,False,False,S230150617,
savspa,Savannah Sparrow,Passerculus sandwichensis,L3041917,Dixon Meadow Preserve,2025-04-27 12:58,1.0,40.1003152,-75.2402115,True,False,False,S230150617,
bnhcow,Brown-headed Cowbird,Molothrus ater,L3041917,Dixon Meadow Preserve,2025-04-27 12:58,1.0,40.1003152,-75.2402115,True,False,False,S230150617,
norcar,Northern Cardinal,Cardinalis cardinalis,L3041917,Dixon Meadow Preserve,2025-04-27 12:58,1.0,40.1003152,-75.2402115,True,False,False,S230150617,
cangoo,Canada Goose,Branta canadensis,L3041917,Dixon Meadow Preserve,2025-04-28 19:36,2.0,40.1003152,-75.2402115,True,False,False,S230653859,
mallar3,Mallard,Anas platyrhynchos,L3041917,Dixon Meadow Preserve,2025-04-28 19:36,1.0,40.1003152,-75.2402115,True,False,False,S230653859,
moudov,Mourning Dove,Zenaida macroura,L3041917,Dixon Meadow Preserve,2025-04-28 19:36,4.0,40.1003152,-75.2402115,True,False,False,S230653859,
solsan,Solitary Sandpiper,Tringa solitaria,L3041917,Dixon Meadow Preserve,2025-04-28 19:36,1.0,40.1003152,-75.2402115,True,False,False,S230653859,
norfli,Northern Flicker,Colaptes auratus,L3041917,Dixon Meadow Preserve,2025-04-28 19:36,1.0,40.1003152,-75.2402115,True,False,False,S230653859,
amecro,American Crow,Corvus brachyrhynchos,L3041917,Dixon Meadow Preserve,2025-04-28 19:36,2.0,40.1003152,-75.2402115,True,False,False,S230653859,
treswa,Tree Swallow,Tachycineta bicolor,L3041917,Dixon Meadow Preserve,2025-04-28 19:36,4.0,40.1003152,-75.2402115,True,False,False,S230653859,
eursta,European Starling,Sturnus vulgaris,L3041917,Dixon Meadow Preserve,2025-04-28 19:36,4.0,40.1003152,-75.2402115,True,False,False,S230653859,N
normoc,Northern Mockingbird,Mimus polyglottos,L3041917,Dixon Meadow Preserve,2025-04-28 19:36,2.0,40.1003152,-75.2402115,True,False,False,S230653859,
amerob,American Robin,Turdus migratorius,L3041917,Dixon Meadow Preserve,2025-04-28 19:36,,40.1003152,-75.2402115,True,False,False,S230653859,
houfin,House Finch,Haemorhous mexicanus,L3041917,Dixon Meadow Preserve,2025-04-28 19:36,4.0,40.1003152,-75.2402115,True,False,False,S230653859,N
amegfi,American Goldfinch,Spinus tristis,L3041917,Dixon Meadow Preserve,2025-04-28 19:36,2.0,40.1003152,-75.2402115,True,False,False,S230653859,
sonspa,Song Sparrow,Melospiza melodia,L3041917,Dixon Meadow Preserve,2025-04-28 19:36,,40.1003152,-75.2402115,True,False,False,S230653859,
rewbla,Red-winged Blackbird,Agelaius phoeniceus,L3041917,Dixon Meadow Preserve,2025-04-28 19:36,,40.1003152,-75.2402115,True,False,False,S230653859,
killde,Killdeer,Charadrius vociferus,L3041917,Dixon Meadow Preserve,2025-04-28 15:56,1.0,40.1003152,-75.2402115,True,False,False,S230592475,
rethaw,Red-tailed Hawk,Buteo jamaicensis,L3041917,Dixon Meadow Preserve,2025-04-28 15:56,1.0,40.1003152,-75.2402115,True,False,False,S230592475,
barswa,Barn Swallow,Hirundo rustica,L3041917,Dixon Meadow Preserve,2025-04-28 15:56,1.0,40.1003152,-75.2402115,True,False,False,S230592475,
blujay,Blue Jay,Cyanocitta cristata,L3041917,Dixon Meadow Preserve,2025-04-28 12:34,1.0,40.1003152,-75.2402115,True,False,False,S232144051,
tuftit,Tufted Titmouse,Baeolophus bicolor,L3041917,Dixon Meadow Preserve,2025-04-28 12:34,1.0,40.1003152,-75.2402115,True,False,False,S232144051,
whbnut,White-breasted Nuthatch,Sitta carolinensis,L3041917,Dixon Meadow Preserve,2025-04-28 12:34,1.0,40.1003152,-75.2402115,True,False,False,S232144051,
carwre,Carolina Wren,Thryothorus ludovicianus,L3041917,Dixon Meadow Preserve,2025-04-28 12:34,1.0,40.1003152,-75.2402115,True,False,False,S232144051,
easblu,Eastern Bluebird,Sialia sialis,L3041917,Dixon Meadow Preserve,2025-04-28 12:34,1.0,40.1003152,-75.2402115,True,False,False,S232144051,
houspa,House Sparrow,Passer domesticus,L3041917,Dixon Meadow Preserve,2025-04-28 12:34,2.0,40.1003152,-75.2402115,True,False,False,S232144051,N
norcar,Northern Cardinal,Cardinalis cardinalis,L3041917,Dixon Meadow Preserve,2025-04-28 12:34,1.0,40.1003152,-75.2402115,True,False,False,S232144051,
comrav,Common Raven,Corvus corax,L3041917,Dixon Meadow Preserve,2025-04-28 09:41,2.0,40.1003152,-75.2402115,True,False,False,S230452303,
savspa,Savannah Sparrow,Passerculus sandwichensis,L3041917,Dixon Meadow Preserve,2025-04-28 09:41,1.0,40.1003152,-75.2402115,True,False,False,S230452303,
rocpig,Rock Pigeon,Columba livia,L3041917,Dixon Meadow Preserve,2025-04-28 09:26,1.0,40.1003152,-75.2402115,True,False,False,S230456723,N
coohaw,Cooper's Hawk,Astur cooperii,L3041917,Dixon Meadow Preserve,2025-04-28 09:26,1.0,40.1003152,-75.2402115,True,False,False,S230456723,
mallar3,Mallard,Anas platyrhynchos,L3041917,Dixon Meadow Preserve,2025-04-29 18:40,2.0,40.1003152,-75.2402115,True,False,False,S230996688,
moudov,Mourning Dove,Zenaida macroura,L3041917,Dixon Meadow Preserve,2025-04-29 18:40,1.0,40.1003152,-75.2402115,True,False,False,S230996688,
killde,Killdeer,Charadrius vociferus,L3041917,Dixon Meadow Preserve,2025-04-29 18:40,2.0,40.1003152,-75.2402115,True,False,False,S230996688,
sposan,Spotted Sandpiper,Actitis macularius,L3041917,Dixon Meadow Preserve,2025-04-29 18:40,2.0,40.1003152,-75.2402115,True,False,False,S230996688,
leasan,Least Sandpiper,Calidris minutilla,L3041917,Dixon Meadow Preserve,2025-04-29 18:40,1.0,40.1003152,-75.2402115,True,False,False,S230996688,
turvul,Turkey Vulture,Cathartes aura,L3041917,Dixon Meadow Preserve,2025-04-29 18:40,2.0,40.1003152,-75.2402115,True,False,False,S230996688,
norfli,Northern Flicker,Colaptes auratus,L3041917,Dixon Meadow Preserve,2025-04-29 18:40,1.0,40.1003152,-75.2402115,True,False,False,S230996688,
amekes,American Kestrel,Falco sparverius,L3041917,Dixon Meadow Preserve,2025-04-29 18:40,1.0,40.1003152,-75.2402115,True,False,False,S230996688,
amecro,American Crow,Corvus brachyrhynchos,L3041917,Dixon Meadow Preserve,2025-04-29 18:40,2.0,40.1003152,-75.2402115,True,False,False,S230996688,
nrwswa,Northern Rough-winged Swallow,Stelgidopteryx serripennis,L3041917,Dixon Meadow Preserve,2025-04-29 18:40,4.0,40.1003152,-75.2402115,True,False,False,S230996688,
eursta,European Starling,Sturnus vulgaris,L3041917,Dixon Meadow Preserve,2025-04-29 18:40,10.0,40.1003152,-75.2402115,True,False,False,S230996688,N
normoc,Northern Mockingbird,Mimus polyglottos,L3041917,Dixon Meadow Preserve,2025-04-29 18:40,2.0,40.1003152,-75.2402115,True,False,False,S230996688,
amerob,American Robin,Turdus migratorius,L3041917,Dixon Meadow Preserve,2025-04-29 18:40,5.0,40.1003152,-75.2402115,True,False,False,S230996688,
houfin,House Finch,Haemorhous mexicanus,L3041917,Dixon Meadow Preserve,2025-04-29 18:40,4.0,40.1003152,-75.2402115,True,False,False,S230996688,N
amegfi,American Goldfinch,Spinus tristis,L3041917,Dixon Meadow Preserve,2025-04-29 18:40,4.0,40.1003152,-75.2402115,True,False,False,S230996688,
sonspa,Song Sparrow,Melospiza melodia,L3041917,Dixon Meadow Preserve,2025-04-29 18:40,2.0,40.1003152,-75.2402115,True,False,False,S230996688,
rewbla,Red-winged Blackbird,Agelaius phoeniceus,L3041917,Dixon Meadow Preserve,2025-04-29 18:40,30.0,40.1003152,-75.2402115,True,False,False,S230996688,
greyel,Greater Yellowlegs,Tringa melanoleuca,L3041917,Dixon Meadow Preserve,2025-04-29 12:54,2.0,40.1003152,-75.2402115,True,False,False,S230883646,
blkvul,Black Vulture,Coragyps atratus,L3041917,Dixon Meadow Preserve,2025-04-29 12:54,1.0,40.1003152,-75.2402115,True,False,False,S230883646,
grcfly,Great Crested Flycatcher,Myiarchus crinitus,L3041917,Dixon Meadow Preserve,2025-04-29 12:54,1.0,40.1003152,-75.2402115,True,False,False,S230883646,
blujay,Blue Jay,Cyanocitta cristata,L3041917,Dixon Meadow Preserve,2025-04-29 12:54,1.0,40.1003152,-75.2402115,True,False,False,S230883646,
treswa,Tree Swallow,Tachycineta bicolor,L3041917,Dixon Meadow Preserve,2025-04-29 12:54,6.0,40.1003152,-75.2402115,True,False,False,S230883646,
yebcuc,Yellow-billed Cuckoo,Coccyzus americanus,L3041917,Dixon Meadow Preserve,2025-04-29 10:14,1.0,40.1003152,-75.2402115,True,True,False,S230885315,
wooduc,Wood Duck,Aix sponsa,L3041917,Dixon Meadow Preserve,2025-04-29 09:37,1.0,40.1003152,-75.2402115,True,False,False,S230824148,
easkin,Eastern Kingbird,Tyrannus tyrannus,L3041917,Dixon Meadow Preserve,2025-04-29 09:37,1.0,40.1003152,-75.2402115,True,False,False,S230824148,
fiscro,Fish Crow,Corvus ossifragus,L3041917,Dixon Meadow Preserve,2025-04-29 09:37,1.0,40.1003152,-75.2402115,True,False,False,S230824148,
carchi,Carolina Chickadee,Poecile carolinensis,L3041917,Dixon Meadow Preserve,2025-04-29 09:37,1.0,40.1003152,-75.2402115,True,False,False,S230824148,
tuftit,Tufted Titmouse,Baeolophus bicolor,L3041917,Dixon Meadow Preserve,2025-04-29 09:37,2.0,40.1003152,-75.2402115,True,False,False,S230824148,
buggna,Blue-gray Gnatcatcher,Polioptila caerulea,L3041917,Dixon Meadow Preserve,2025-04-29 09:37,1.0,40.1003152,-75.2402115,True,False,False,S230824148,
carwre,Carolina Wren,Thryothorus ludovicianus,L3041917,Dixon Meadow Preserve,2025-04-29 09:37,1.0,40.1003152,-75.2402115,True,False,False,S230824148,
bnhcow,Brown-headed Cowbird,Molothrus ater,L3041917,Dixon Meadow Preserve,2025-04-29 09:37,5.0,40.1003152,-75.2402115,True,False,False,S230824148,
norcar,Northern Cardinal,Cardinalis cardinalis,L3041917,Dixon Meadow Preserve,2025-04-29 09:37,1.0,40.1003152,-75.2402115,True,False,False,S230824148,
cangoo,Canada Goose,Branta canadensis,L3041917,Dixon Meadow Preserve,2025-04-29 08:17,2.0,40.1003152,-75.2402115,True,False,False,S230806722,
wilsni1,Wilson's Snipe,Gallinago delicata,L3041917,Dixon Meadow Preserve,2025-04-29 06:16,1.0,40.1003152,-75.2402115,True,False,False,S230745952,
solsan,Solitary Sandpiper,Tringa solitaria,L3041917,Dixon Meadow Preserve,2025-04-29 06:16,2.0,40.1003152,-75.2402115,True,False,False,S230745952,
belkin1,Belted Kingfisher,Megaceryle alcyon,L3041917,Dixon Meadow Preserve,2025-04-29 06:16,1.0,40.1003152,-75.2402115,True,False,False,S230745952,
savspa,Savannah Sparrow,Passerculus sandwichensis,L3041917,Dixon Meadow Preserve,2025-04-29 06:16,1.0,40.1003152,-75.2402115,True,False,False,S230745952,
easmea,Eastern Meadowlark,Sturnella magna,L3041917,Dixon Meadow Preserve,2025-04-29 06:16,2.0,40.1003152,-75.2402115,True,False,False,S230745952,
mallar3,Mallard,Anas platyrhynchos,L3041917,Dixon Meadow Preserve,2025-04-30 09:57,1.0,40.1003152,-75.2402115,True,False,False,S231232893,
osprey,Osprey,Pandion haliaetus,L3041917,Dixon Meadow Preserve,2025-04-30 09:57,1.0,40.1003152,-75.2402115,True,False,False,S231232893,
easkin,Eastern Kingbird,Tyrannus tyrannus,L3041917,Dixon Meadow Preserve,2025-04-30 09:57,1.0,40.1003152,-75.2402115,True,False,False,S231232893,
treswa,Tree Swallow,Tachycineta bicolor,L3041917,Dixon Meadow Preserve,2025-04-30 09:57,12.0,40.1003152,-75.2402115,True,False,False,S231232893,
barswa,Barn Swallow,Hirundo rustica,L3041917,Dixon Meadow Preserve,2025-04-30 09:57,2.0,40.1003152,-75.2402115,True,False,False,S231232893,
normoc,Northern Mockingbird,Mimus polyglottos,L3041917,Dixon Meadow Preserve,2025-04-30 09:57,3.0,40.1003152,-75.2402115,True,False,False,S231232893,
amerob,American Robin,Turdus migratorius,L3041917,Dixon Meadow Preserve,2025-04-30 09:57,5.0,40.1003152,-75.2402115,True,False,False,S231232893,
houfin,House Finch,Haemorhous mexicanus,L3041917,Dixon Meadow Preserve,2025-04-30 09:57,1.0,40.1003152,-75.2402115,True,False,False,S231232893,N
amegfi,American Goldfinch,Spinus tristis,L3041917,Dixon Meadow Preserve,2025-04-30 09:57,3.0,40.1003152,-75.2402115,True,False,False,S231232893,
savspa,Savannah Sparrow,Passerculus sandwichensis,L3041917,Dixon Meadow Preserve,2025-04-30 09:57,3.0,40.1003152,-75.2402115,True,False,False,S231232893,
sonspa,Song Sparrow,Melospiza melodia,L3041917,Dixon Meadow Preserve,2025-04-30 09:57,7.0,40.1003152,-75.2402115,True,False,False,S231232893,
rewbla,Red-winged Blackbird,Agelaius phoeniceus,L3041917,Dixon Meadow Preserve,2025-04-30 09:57,11.0,40.1003152,-75.2402115,True,False,False,S231232893,
moudov,Mourning Dove,Zenaida macroura,L3041917,Dixon Meadow Preserve,2025-04-30 08:33,6.0,40.1003152,-75.2402115,True,False,False,S231169284,
killde,Killdeer,Charadrius vociferus,L3041917,Dixon Meadow Preserve,2025-04-30 08:33,1.0,40.1003152,-75.2402115,True,False,False,S231169284,
turvul,Turkey Vulture,Cathartes aura,L3041917,Dixon Meadow Preserve,2025-04-30 08:33,2.0,40.1003152,-75.2402115,True,False,False,S231169284,
amekes,American Kestrel,Falco sparverius,L3041917,Dixon Meadow Preserve,2025-04-30 08:33,1.0,40.1003152,-75.2402115,True,False,False,S231169284,
amecro,American Crow,Corvus brachyrhynchos,L3041917,Dixon Meadow Preserve,2025-04-30 08:33,1.0,40.1003152,-75.2402115,True,False,False,S231169284,
eursta,European Starling,Sturnus vulgaris,L3041917,Dixon Meadow Preserve,2025-04-30 08:33,10.0,40.1003152,-75.2402115,True,False,False,S231169284,N
comgra,Common Grackle,Quiscalus quiscula,L3041917,Dixon Meadow Preserve,2025-04-30 08:33,1.0,40.1003152,-75.2402115,True,False,False,S231169284,
